date,n_stocks,top_1_10_return,top_11_20_return,top_21_30_return,top_31_40_return,top_41_50_return,top_51_60_return,top_61_70_return,top_71_80_return,top_81_90_return,top_91_100_return,top_101_110_return,top_111_120_return,top_121_130_return,top_131_140_return,top_141_150_return,bottom_1_10_return,bottom_11_20_return,bottom_21_30_return,bottom_31_40_return,bottom_41_50_return,bottom_51_60_return,bottom_61_70_return,bottom_71_80_return,bottom_81_90_return,bottom_91_100_return,bottom_101_110_return,bottom_111_120_return,bottom_121_130_return,bottom_131_140_return,bottom_141_150_return
2020-11-30,2097,0.053639293283055035,0.007889200727063617,0.02861745300201033,0.010771101579903164,0.010685287362219898,0.05002375797169924,0.02222375606097917,0.048150848411761114,0.011105099606989743,0.038675277126537067,0.04136679692295251,0.035510610584072,0.06154020561412553,-0.007935443467381963,0.05855011252718256,0.02293091492425131,0.08459272433846408,0.07903409756356986,0.1334447933276504,0.020003871744451496,0.05216727260935507,0.01788887645959485,0.0863934834006654,0.13320457522431778,0.027259065906924583,0.06445348797858988,0.04457991385115452,0.09225192988633096,0.19412018920357899,0.07529674222135653
2020-12-14,2107,0.17861090233193933,0.030715284905692575,0.11714105160774979,0.07744156213678009,0.02630089112841947,0.11869567662522193,0.04430698193609441,-0.0034214988448183934,0.06467148738632757,0.06006629296720929,0.06812501981569208,0.07024140920642594,0.08001952266149817,0.038701333835375815,0.025036854577949054,0.04817887456263816,0.13672896795800873,0.035853162491722726,0.05717697519354126,-0.011509640210649907,0.033738656497643585,-0.01116573826913365,0.06869072785971471,-0.021584906062018995,0.02280159165560296,0.13394033831044186,0.014300985895553342,0.0047817798033821576,0.02429824646740767,0.020171655595852954
2020-12-29,2111,0.09090070368052645,0.20113808976271502,0.1776603769656216,0.19106764447175925,0.20959069360155685,0.22082223185392102,0.1415960878517178,0.1725734116946754,0.13591352992401085,0.20910988693990276,0.1867923239337887,0.11935334754739953,0.1119560334431565,0.11315836789513037,0.16743736386749647,0.2179721557523072,0.23390311929299507,0.05285408958359979,0.059111079285111966,0.05025901101302187,-0.008129817933769656,0.029771487135062023,0.026668331140306645,0.07335369879954609,0.030371651858645276,0.03585937264884363,0.0457547902722074,0.01298894398260223,0.04635149771875552,0.018982814121384407
2021-01-13,2112,-0.015030730169637551,0.08625836432725706,0.09494900877744081,0.09565958838129886,0.0666652619162607,-0.0024092211763308445,0.06418299350505213,0.05780320957391579,-0.023114091383707524,0.036276635944356414,-0.02885851890304404,-0.04167161072335458,0.02861868933442615,0.02384006461873809,0.06764270470657945,0.03702500914466207,0.029892553525646414,0.4746815010974556,-0.017250473153512868,1.1637191712010608e-05,-0.011396723957492083,-0.012509859312590233,0.04511609763142378,-0.008748011958852997,-0.028508454436443786,0.007406194744662675,-0.009722638516759618,-0.021944695892079404,-0.014234601375873623,-0.01804516353869091
2021-01-28,2125,0.16550160761735697,0.20904586806220832,0.14863235957580517,0.19264098925856116,0.13431626637816355,0.07059326174050873,0.18608492459683273,0.10114601888163284,0.19465918193381815,0.2635889736492352,0.09092759580672599,0.1760578761126011,0.11413603312220835,0.10270434753163574,0.14964302664452425,0.013568525703691858,0.1382165394960025,0.19059130780353645,0.1695131654931456,0.17566077162315474,0.14627597963719885,0.04653799274472853,0.14730902129700285,0.06345565938625249,0.09592611856127502,0.16628685929501447,0.02484582411599364,0.04984747304362096,0.013153686445889833,0.018545494848481014
2021-02-11,2133,-0.07146576424842374,0.0773272295683301,-0.09208082799013424,-0.06371617052796306,0.03729211780993662,-0.08724420598272817,-0.0671326102002903,0.09692506580359272,-0.022300615680304038,-0.025271783858683762,0.00308760485808367,-0.06083267563138698,-0.07391371939559044,-0.07959685667060878,0.0010899371360849064,-0.10829103060386389,0.024063343288992588,-0.10197166111394987,-0.14217424282863722,-0.1240028469710549,-0.0668381023214582,-0.062389948026189336,-0.028681437242449502,-0.054263035644618055,-0.015716400157827805,0.2338747659454176,-0.005484311961669197,-0.05065394879917458,-0.01851899809796065,-0.014102318190472229
2021-02-26,2134,0.05072996762963296,0.012065760879743204,0.11147452431045272,0.0873865421280566,0.07279291423607613,0.06381738254781052,0.08114943228740316,0.11469172469074025,0.100671187582921,0.047313971212619634,0.0218152608517986,0.05857816195323764,0.05411063618666858,0.08860526747384731,0.02380787037377765,0.14575487865882777,0.02157137227992384,-0.02959474157600104,0.018217256893964397,0.05637005817797223,0.06941884383439918,0.14364942197997682,0.016564113104663235,0.04999669357499472,0.03841518920793978,0.0508918671113177,0.08592930872255355,-0.004304263804977515,0.05086166487695644,-0.037916519513626346
2021-03-12,2147,-0.06819237118928884,-0.09644106005891362,3.699544688742763,-0.06836864037175447,-0.04687450566009911,-0.012856707566623826,-0.03560984914138622,-0.03666512151220722,-0.03529940132008933,-0.009622082490210505,-0.004166621210939791,-0.00723532844979311,-0.028988432071431612,-0.04656455154839097,-0.06328885025294795,-0.19012505969773566,-0.1392491400902872,-0.180557046781142,-0.13817129681219603,-0.1229853908270599,-0.0646412632351055,-0.14398950395878668,-0.12518056300307884,-0.07536223566006203,-0.08070691952512897,-0.05687920907186937,-0.09404606331074192,-0.06218347657923334,-0.0529710117329956,-0.08053968639606858
2021-03-26,2156,-0.09694018436798282,0.08207219865300089,0.004158207757638088,0.012576584378933242,-0.02629718505773193,-0.03964091554363849,0.0016510486198174968,0.03868019731181906,0.008343612361991104,-0.03985420476038941,0.016603447926169412,0.04552430762683363,-0.021651208129787037,0.013076034561118166,0.02206052535013414,-0.02619555092578526,0.020337483864063588,-0.04285562726288674,-0.04318342336732463,-0.08850395909585762,0.04103297600719854,-0.07277759068263477,-0.014079942514202493,0.01969350654803771,-0.03145298233888484,0.0062574804788241515,0.1066619709342719,0.011545770095207953,-0.015422777408566212,0.015411173839175774
2021-04-12,2163,-0.012389206027723332,0.05095911877684502,0.04345445806101076,0.044295917211454615,0.03873802043524738,0.014696088129623575,0.07842710845269828,0.05191548473171999,0.010229352825204662,0.05771947899528096,0.016523247698363563,0.03638348275730278,-0.0016177407152897616,-0.004599898348686659,-0.0038009950282652193,0.009045711877518481,0.07103356796036224,0.07166800325436262,0.021657866665884273,0.057344338008548615,0.035303447041115744,0.038259245412363765,0.05424311696359505,0.04689776841440715,0.07929802937510669,0.011046048065201597,0.059860413211725236,-0.00417227999952694,0.04478275798441304,0.060537074129488055
2021-04-26,2174,-0.13251877503575074,0.02797378092213877,-0.02487701744678671,-0.045012592523826986,-0.020149261230206696,-0.0031454321583098575,0.05376906445779693,-0.035550636780068014,0.049168367127617706,0.06667524010810723,0.02038908185906535,-0.05137369912768327,0.04290896828273495,-0.01878979539305865,0.0009124763686436,-0.16264097163118935,-0.15158342182605972,-0.17448309594260933,-0.11711120266009352,-0.12047704107346675,-0.0946851281828787,-0.09239934242511033,-0.1106279801413905,-0.05578818317992666,-0.055379353399595085,-0.03357966601140557,-0.13456543972124066,0.020548133531258728,-0.0631342044550221,-0.05182074461538879
2021-05-10,2186,0.0851046252697522,-0.0023833634557036687,-0.01151093006611883,0.09245849273505735,0.05881893013824008,-0.015648740613002487,0.04906967361641377,0.08133118073458798,0.06125654297412989,0.005783566174468546,0.023650010420475542,-0.004301421413329354,0.04409316526298542,0.006897437263288386,0.048011800452688935,0.13641255294267834,0.047156465577415985,0.03359603776675598,0.10071987870731065,0.06925641266312728,0.01404948996184363,0.0908740779560154,0.054690402730676026,-0.02033595279172793,0.039667323066130744,0.056127679905350045,-0.01952550892136169,-0.04243755902529066,0.017594055800529595,0.034023391389968814
2021-05-24,2193,0.20255927983007335,0.296479563539608,0.06540643089797903,0.11131022624920059,0.05764065753948268,0.060145990759021974,0.1157922405116815,0.028869903069870362,0.07239380323825141,0.05467318830042093,0.03440139645917376,0.10228460372951753,-0.0012338381228981898,0.054607429664726426,0.08993455749547861,0.12875348749787727,0.3686948506803889,0.15521336353714799,0.08155802656680547,0.2961460251069578,0.10381087862476583,0.09091141577900208,0.09690624006639727,0.04036044764942289,0.09735659097578994,0.25184988869359803,0.02443931541328024,0.04375500215210064,0.036521620211973624,0.0205819951642107
2021-06-08,2204,-0.1089740444647965,0.05478198120194766,0.01636852683469351,-0.013491125894577016,0.013789465190727079,-0.032836609363330806,-0.0536299696087565,-0.057395807690774236,-0.0015080983568250494,0.04730176399283455,-0.020504737818887887,-0.04507811383953497,-0.05252980135684421,-0.022936529369620495,-0.003505726756807037,-0.08256526757489022,-0.010433643777078516,-0.0314513199050269,0.005976415066500884,-0.024017581744525663,0.015620319291412287,0.03671933346135562,0.014995172300851822,0.02353277824736888,0.020785222071849175,-0.020732722372342992,-0.017354671806113255,-0.009942220365630606,-0.0602573840052858,-0.0008630891644543448
2021-06-22,2221,-0.05945318861684046,0.00473894582297979,-0.016130720096072138,-0.02523757285517798,-0.02551425878941599,0.019868440339447034,-0.048609597174746944,-0.03331256684215058,-0.003645534759002633,0.03231763640999484,-0.04107200583845586,-0.00020458173330003548,-0.03821007892013584,-0.015297367043671772,0.04886263286213843,-0.06540384359476673,-0.04672720687963596,-0.0003065190337550372,-0.09216565694819615,-0.015164407357474508,-0.02642178256455946,-0.017291054124187567,-0.04051424279246487,0.002500735566556944,-0.02928657253082284,-0.06163382210794607,-0.07335947071518073,0.0025208346645363864,-0.017193473595913243,-0.08771626652608124
2021-07-07,2242,-0.03687229453756994,-0.05279462744659197,-0.02509072924992848,0.013286074421634897,0.049477069201146064,-0.007564490699153481,-0.036515250716994616,-0.01565296209750462,-0.03765997249256107,-0.02722793267426813,-0.032516547701492246,-0.01245197211838014,0.014902740305014428,0.0032716490788169184,-0.03368726466273344,-0.0819346489605996,-0.055040735337748135,-0.02541078542653804,-0.02455796553956837,0.20605395169231477,-0.03251452773252955,-0.038951935406259644,-0.00036048968569702967,-0.011447927208984843,-0.04410897154063246,0.03340672925678033,-0.044908740937165945,-0.006449345010967844,0.03712691746791576,-0.04434206647463733
2021-07-21,2255,-0.04816884018322579,-0.029054979806234872,-0.07045407811629333,-0.003394563839635656,-0.025152586409158895,-0.07632426751818111,-0.03649172139754074,0.018866324402135114,0.015080494882484164,-0.07085561004660496,-0.06357199122596272,0.009809377229288896,-0.0057318721436662836,0.052160894065735694,0.004238802539581021,-0.23549104647130736,-0.05625730456654417,-0.0759667465578639,-0.06194919548313259,-0.024208099627102443,-0.031951658471114655,-0.07052758014681451,-0.0716522512308056,-0.08558258568569191,-0.04363077851847563,-0.041217856474417905,0.10186443789863805,0.03185523169397562,-0.01635223061648604,0.02637643128086914
2021-08-04,2276,0.015546840950271357,-0.07503834254201888,-0.08003849311325917,-0.08352875076767535,0.008539287841113763,-0.014453711617139186,-0.03733102267893249,-0.032818456466504685,0.005392171131822476,0.01652643180463661,-0.05677465894140661,-0.021390081161705887,-0.004118380706233604,-0.05433775096989144,-0.01011390871169875,-0.050660645326299845,-0.05972634308592393,0.01702127370570906,-0.10852193265380787,-0.08956324634262672,-0.060634174356484424,-0.0326939391106684,-0.045921860402645606,-0.03773165813776112,-0.09640828137770435,-0.05050894746475034,-0.18214184752798968,0.02485148890127903,0.031681637029221624,0.021345675986982126
2021-08-18,2279,0.08252899114743503,0.0965055823918394,0.1215543471280001,0.10473134656050016,0.09263103432328607,0.13705262187180373,0.10302159392692638,0.10684761380149581,0.04588230029718103,0.09402751382955525,0.13856106853575065,0.12588961474213328,0.09883099251366241,0.1475629940495639,0.03933495473957823,0.08408388135189401,0.023283916531901004,0.10323417256098066,0.13210038416801637,0.15772979985386198,0.09088939471110007,0.04985750613456319,0.10983181898329922,0.11631211273477153,0.12565953008263847,0.01454938475642591,0.0013033494842478622,0.07215624900112363,0.10145335940144173,0.05006454985053098
2021-09-01,2285,-0.061524132954887144,0.07466125952549549,-0.04149521372674072,-0.06133990283131509,0.02227773629918357,0.0061401866033458765,-0.023967789327876278,-0.007432326223086349,-0.04440857628133221,-0.02834970204263807,-0.04397245374888933,-0.04234716708103174,-0.004815878917772964,-0.005816684384597093,-0.061024905496612436,-0.09176507703077744,-0.006049377612602635,-0.04046811099935976,-0.06955204631269976,-0.0371808712291218,-0.039378700554802894,-0.03667284075818713,-0.054505907511109265,-0.03298539429579563,-0.008661552350233115,-0.003608076874255228,-0.0797444712256431,0.019539562625240214,-0.00011295181610690986,-0.04187488143872603
2021-09-16,2296,-0.04857313137276096,-0.017232185900115337,-0.037751370992003805,-0.017524452897521692,0.008149215387053498,-0.03842585759343327,-0.023743997353405044,-0.020980566284822554,0.018740218816550615,0.010149566086610185,0.06889248445254094,-0.019216947124964967,-0.03136198195100988,-0.006180087108386456,0.021243626321671205,-0.04637886381491646,-0.05636643888535103,-0.01837164036761587,-0.06589542923817977,-0.04375766129397548,-0.032863451062915175,-0.07984239437074175,-0.052780701805047715,-0.041051415608270046,-0.03160438035156173,-0.02019121110347427,-0.03172952331465234,-0.06247008979001885,-0.015328894683312977,0.006308311072628481
2021-09-30,2307,0.0167147898905165,0.09298316659543777,0.0658906538834096,0.10486475989676056,0.011021229960754619,0.05889119790926706,0.0016302373027893614,0.03805174354442133,0.07783379461954107,0.01310389173026355,0.0033385851073184925,-0.00030815355073714467,0.03641602111615293,0.028482339254677237,0.03851636162830222,-0.05182960193133176,0.027415373490014817,-0.10108121934963762,0.009595441156176355,-0.019740587872669725,0.005695938783294696,0.025968851966618977,-0.02914678063172015,0.027237374910580668,0.03418099294784046,0.015097887211666028,-0.05869951483272327,0.014133841201736408,0.0020213030982972114,-0.00783857808587649
2021-10-14,2319,-0.03797551850519689,-0.008689710311215782,-0.001932477929625942,-0.0025589448819262174,-0.008265577006628055,-0.040494596118442985,0.016440541404000177,0.007990827045946313,0.00482362236696704,0.004763127265821554,-0.005950470502509508,0.0388788103697133,-0.005603806255679189,0.03290240271906734,0.016249257609560242,0.10690297079922924,0.025686199070305983,-0.04163488505221321,-0.0022799693569022115,-0.021064970623863866,-0.041445549317910044,0.07332924594705714,0.031075459156117126,-0.018122369057977004,0.01914440868501548,0.009099279295072704,0.00010224781468777255,0.062204439742441886,0.05847003203996577,0.03498687337232472
2021-10-28,2330,0.0889598139502963,0.14987234953214346,0.060455868668486845,0.024992122910939794,0.0861104425632173,0.08949781817274456,0.05006158492367493,0.06724522740025915,0.10735279780195961,0.028451481785183984,0.10569866231479293,0.18011029920499355,-0.022228683909878054,0.016663840769643678,0.11028332976097337,0.0012182162171370137,0.10002471953938138,0.0314724825531569,0.02899493494840071,0.005441524356703298,0.06059354890369959,0.0037683735520365634,0.009934537145874634,0.025085212171639837,-0.004163563731928732,0.050136102233625135,0.06280029744418332,0.020382888536125,0.03505948560435894,0.0541767462312437
2021-11-11,2344,-0.13850890801118926,-0.024444107037952124,-0.15410849327256765,-0.08697793104241264,-0.05791637606142345,-0.08075773158269929,-0.0902826801303668,-0.1285858640672593,-0.0930719005425203,-0.1214418059379947,-0.12174035294513427,-0.11208279725300696,-0.07731430333818384,-0.05310782421629928,-0.08162748875209745,-0.07966206570290575,-0.06154846667582207,-0.08152278747733198,-0.056593278474646534,-0.03770149127347997,-0.08592257208588933,-0.12203831799678717,-0.047981892758748645,-0.09579225775874382,-0.10806943420914043,-0.0016990933254453333,-0.09408477497213022,-0.040588394292055255,-0.04926472865437416,-0.06437406323898545
2021-11-26,2347,-0.10113185350492541,-0.021799264270797314,-0.07425469182781845,-0.06798047363595697,-0.10484625525440598,-0.04808152928642393,-0.053723689367900986,0.012983224854307873,-0.02992147984601129,-0.047429391590416245,0.0033276120420671186,-0.001979805676855184,-0.028466587954774036,-0.040505247148862625,-0.013834686803224716,-0.035658132630924363,-0.1081579001112706,-0.08628869991339576,-0.05589254143550902,-0.11199662327760138,-0.09203983911629462,-0.05709310846080908,-0.03338773676255421,-0.11523974470728668,-0.11735219863229354,-0.02353197910387843,-0.08088803680602734,-0.06292265587072325,-0.09935591298010385,-0.07354741998308242
2021-12-10,2356,-0.007357212933279312,-0.03025338332942785,0.03855115927696016,0.040908999740636984,-0.018028129966492733,0.022241416722173578,0.043937364471467344,-0.005132396486665547,0.047077207266047916,-0.01270552668836652,0.050370530082902466,0.025796545925164626,-0.00827304121888014,0.026260798870041326,0.03163412776744633,-0.07782840966402595,0.0038634077996650305,-0.05806867698845185,-0.006952226748439205,-0.014178920071736855,0.05988356726879316,-0.0224139088003814,-0.019095548640820647,-0.015650189082622647,0.033992170328842976,-0.021479808126992538,0.0647320481775735,0.002850102373365937,-0.0004472650197948402,-0.0042957300619599235
2021-12-27,2360,-0.08388778287420787,-0.08342409545687252,-0.10103783247358807,-0.05978115180367901,-0.11159310269262593,-0.08189275999538628,-0.05077409831763,-0.014715263600593387,-0.032666975104500603,-0.040892705134744446,-0.056870053548822755,0.01591557459753574,-0.01256866889013577,-0.046072787023005976,-0.05029843300452239,-0.18003425445724427,-0.18532053375390162,-0.1307242221869524,-0.1580583967294984,-0.1374339790616117,-0.053777999041927274,-0.05253228370015169,-0.030521003485024845,-0.12972933206812604,0.00011109519764860299,0.0051487251924354546,-0.10969391800566464,-0.10465791579834996,-0.10473009324853541,-0.0998751480672325
2022-01-10,2368,-0.05829899174482357,-0.08311777990721034,-0.10944513127631876,-0.11271516541725916,-0.0851145495116459,-0.0953251005220342,-0.15530669304286387,-0.07459026871924987,-0.007561376160403888,-0.03924871803122089,-0.03375667409889447,-0.09124864055591655,-0.1355018286517711,-0.04424944450424665,-0.08306832433836198,-0.11475676708339852,-0.16186066141804117,-0.16729593263248513,-0.16894065191461194,-0.18247034294160086,-0.15171418166153833,-0.14869012354232175,-0.15550373943876603,-0.17826551972796484,-0.19442554795831835,-0.11697453881937292,-0.11627793295596126,-0.10450976606154035,-0.021082760328851913,-0.08643347948998518
2022-01-25,2371,0.07896553024288033,0.04341897200113879,0.04516533221078398,0.08731709733616745,0.07381870266291297,0.017382011376274643,0.05573082920013604,0.07267100895555322,0.03494129214533446,0.017197173770456976,0.006106229413756314,0.024671627839690614,0.04708698253830594,-0.006746843599046792,0.023409134646119257,0.00291898282936649,0.042876519869381235,0.024315461560693953,0.060192064410588206,0.10596505731693702,0.005978916282552949,0.04281712611941555,0.03381760054880214,0.07780339755364002,0.027053735434243876,-0.006225736263959547,0.07426212403206409,0.06808469107935719,0.07727263046398505,0.020293097723057076
2022-02-08,2373,-0.11155903438751688,-0.11038388985225582,-0.12378914781843942,-0.008248408204794989,-0.03119184826357311,-0.06983943133943227,-0.08029905578465946,-0.020342949849842574,-0.011610623606158632,-0.06736747524153067,0.000643415697967964,-0.09149471215242462,-0.01702216974260292,-0.032414121881064205,-0.11141523319982696,-0.10758581360447442,-0.14403175560888157,-0.1372598361770486,-0.07608778742854305,-0.03223463974546925,-0.10295338208120912,-0.12650852119813324,-0.016079320224402383,-0.12314061712706752,-0.009324371807307764,-0.133518112629462,-0.04881163706726025,-0.03612128525119397,-0.06493803353593311,-0.025893968882660136
2022-02-23,2378,0.062278429006452043,-0.023154246987811745,0.08717298464434042,0.09549590098669945,-0.014592227169625226,0.0855218637220248,0.15044599039579393,0.055045111694499674,0.07294108975259876,-0.028771515480665553,0.039350471212758184,0.09043521099416958,0.015216567484134292,-0.008571644375400067,-0.005721430707953068,0.043784505170498235,-0.03426166082540729,-0.03621174307316236,0.035768672887631414,0.07478683511166812,0.032608087142435835,0.03408868781875225,0.08751585763091577,0.05249457795776298,-0.0393640304843079,0.050367201101365444,0.04033925693316207,0.061883804679647235,-0.0024073769983346204,-0.02881955380545311
2022-03-09,2378,0.12463594311464307,0.12083915776121593,0.06827792881935402,0.0293132357433487,0.029687521202174317,0.056190352063082115,0.08423935994674106,0.037671038495717735,0.04722603430087213,0.09304620799754455,0.04068265228309258,0.017792111370532448,0.015195748224787909,0.010834648575456273,-0.017380280897431134,0.019863612623247616,0.0010164423957644275,0.13266434244092284,0.10101772390997851,0.011325158653223377,0.03908078028672997,0.002062490381269122,0.08440226796721909,0.07068183854640978,0.10382984010416005,-0.040433261339277396,0.026595122262474468,0.0978097876778872,0.03309346619244741,0.10383909967694153
2022-03-23,2380,-0.032048417475718904,0.0076837818012778555,0.013928975619560347,0.01318887891351731,-0.05963196072574796,0.0039094126614256375,-0.013135313239293789,-0.0022750063207894076,-0.054739427702330354,-0.013530691165578524,-0.03477161128785287,-0.0038216287814276774,-0.0008249980564401738,-0.03708061230038022,-0.052454459661148235,-0.059522325347260666,-0.040138941988666285,-0.045942692521976206,-0.1198165714463671,-0.07642294684435152,0.010424914818355124,-0.04862692503160541,-0.03709877919159428,0.0009958241371828436,-0.06542624086964413,0.032467002514994625,0.03911844880716122,-0.10734337454920687,-0.03553062379573405,0.009984452536603983
2022-04-06,2388,-0.03687701257592172,0.0023916881140939373,-0.04049226107364694,-0.026680267283008496,-0.13093969220819276,-0.0341628157024499,-0.007526889128855718,-0.009325425935647825,-0.09374026051042,-0.08094488346356055,-0.05190886601243536,-0.02983022877099818,-0.052878199987171956,-0.02241174735804712,-0.040265891634014936,-0.20791531129753102,-0.14609259107202296,-0.20905009615613204,-0.15969037276428058,-0.11771741673460019,-0.12575504783456468,-0.11858283404586625,-0.14482661047937176,-0.11206246535556097,-0.10870527151521944,-0.1567779010783296,-0.15049413685363752,-0.09935025737399952,-0.1276403389280088,-0.06456698362178928
2022-04-21,2388,-0.022005226628673113,-0.027353474591469695,-0.04939888962659961,-0.14269325984098052,-0.044129896047805164,-0.07172336648017863,-0.06975111574798415,-0.07583828378994559,-0.0044276921654813894,-0.05944113365402668,-0.08655630839333514,-0.01995575064387083,-0.021950757838317438,-0.04654066227618279,-0.05252339835672384,-0.09744404365361067,-0.06013303724468958,-0.06407180966477287,-0.12341047638421458,-0.15992844484359572,-0.06929882921442729,-0.10666952234028285,-0.1304573716472146,-0.025917744198440052,-0.09538838418313236,-0.11543172088930467,-0.07033566879557973,-0.08661816806679354,-0.07053212704785569,-0.057008518325069334
2022-05-05,2387,-0.015301756140003587,-0.12064848206667429,-0.06101640356852491,-0.09625874385424193,-0.044808608002481674,-0.07547998264503672,-0.059326039756254625,-0.15198564978735168,-0.043159816922163294,-0.06284558323154467,-0.061693950340312165,-0.05125713466167604,-0.021530472713402637,-0.05523859474802042,-0.04655122788623517,-0.15682153754165168,-0.06072149941713144,-0.06753919122681298,-0.20787151135291765,-0.11563086576357925,-0.09047658351743627,-0.026995107466216008,-0.048884558306059034,-0.0887800249517784,-0.006152355925580433,-0.084470561105129,-0.06548501156058349,-0.09519567224905554,-0.05054989461646211,-0.06782646191621075
2022-05-19,2393,0.036380546855931714,0.08862372184877967,0.08539824205043454,0.06688762066542504,0.08558716709227551,0.14093691742297526,0.011657531108327224,0.09460425077405629,0.056148128310774315,0.05048623877558015,0.1167674468665271,-0.008794757229716144,0.0646985423256558,0.07604603630565385,-0.022426882393613644,0.03431726906685134,0.13671594792672861,0.090778924616879,0.013876661874542617,0.05324484747522501,0.13310139657927855,0.018298268384413695,0.14607056107737468,-0.06787498191725465,0.04760312960676275,0.04644449219171239,-0.01870993429879265,0.06446277163579504,0.04920764267330659,0.01762258149892968
2022-06-03,2395,-0.05381398860407131,-0.0174796286331811,-0.018947377169465172,-0.09269548761166657,-0.1569031148849911,-0.10908792634110265,-0.1109544873494053,-0.08493622790979861,-0.19023930653004933,-0.0689110662012137,-0.11063368078080024,-0.10151812599683177,-0.09472345175806614,-0.10633804486292413,-0.1373972542168938,-0.1661277687854922,-0.23500442079951336,-0.05780350019022523,-0.15848995288024167,-0.14204344587172738,-0.2111178623036908,-0.1351625369850295,-0.0818455655566502,-0.1368608457527655,0.0032517520353209208,-0.16762390590324974,-0.08417892947945385,-0.12039528134529465,-0.09160433576733273,-0.12196210769724336
2022-06-17,2398,0.1075917265945366,0.15817121043433474,0.11095915261871517,0.09131406602267383,0.0033450564315696597,0.1369522671090844,0.06560118840962248,0.02934844308329996,0.019269873111685477,0.0302597073319368,0.03769546622107546,0.04639633670550054,0.10196155299046379,0.0034604881527812714,0.06805910691726783,0.1079102580194237,-0.06873997571321568,0.061344021574762174,0.03317565393326109,0.05721999173373453,-0.027675833863717136,0.037680133504978744,0.08618407889668761,0.029063607324681905,0.04363503105324855,-0.04162086336827846,0.23226685075503353,-0.0326614717835384,0.006280464470364544,0.08136814560158226
2022-07-05,2404,0.10492131264663088,0.20741323052004706,0.09720698157844147,0.021332995822689604,0.050320003504711754,0.010864345916877483,0.06104884282180151,0.012050910158882988,0.024735237682712873,0.052213901268700194,-0.015958721566783084,0.036648641659974876,-0.0027076748941163853,0.07678824485974975,0.0003995352694629806,0.020963852092444547,-0.014062517060176782,0.08912275084753218,0.08834085861743704,0.011399978930175613,0.12777977326493456,0.09140582116965106,0.014526492623946985,0.05858436807222099,0.05288163071231966,0.029691186955751837,0.00021580269914848183,0.024556530826895184,0.007552024854598616,-0.054397706941918124
2022-07-19,2405,1.363871939435315,0.18217911360807099,0.07914145238367656,0.057950667567445456,0.15072730164576575,0.04441251921833959,0.11402359221048577,0.03665438022500589,0.14847787716486047,0.06691018383353282,0.014762426490309732,0.04144998578397759,0.05313864985296771,0.012616136587231975,0.05694588083006934,0.00012173129205523825,0.04063515750241088,0.05682442789385291,-0.05247967887209269,0.03223419744171909,-0.019475884805243406,0.05619316840909487,-0.013545233533472534,0.021908312389016714,0.060686930984554396,0.01096873030653921,0.002575957659130801,-0.009249584881434913,0.026541338322429487,0.035798843570238714
2022-08-02,2407,0.2284415948206356,0.3140994301265677,0.20492007150749067,0.11385063995699311,0.16687107466695594,0.1518020021434719,0.1573519872445966,0.09646666064127153,0.11500075645831276,0.10388462325193577,0.08988431449421506,0.13908967110245257,0.07297158329783768,0.15638320698092617,0.07388922952204871,0.013123807327561143,0.17615407227648486,0.166011278010242,0.26282926366304105,0.22636325448531885,0.2547022324971443,0.1926406546520561,0.089578257782625,0.05325183341797427,0.1492334504544341,0.09757252597443018,0.01599089502299712,0.19530306093206612,0.10374146101376891,0.07295550684225806
2022-08-16,2409,-0.07445075746507138,-0.13525281658055413,-0.11604142409604645,-0.1327322515014711,-0.06147091513182675,-0.11658392322812787,-0.0660802029788287,-0.07093268950855748,-0.09512430394268598,0.01981949872181964,-0.05718272363478105,-0.09023469266807535,-0.02421428268899295,-0.07582176232920171,-0.02413796630635634,-0.22392333407006726,-0.2554429338463319,-0.17684766493702753,-0.09997645553590473,-0.20267883665277645,-0.10636133214351522,-0.13183124063217067,-0.1762178318649059,-0.196047104930748,-0.08436188231050627,-0.07737934212507262,-0.10328838760849815,-0.10337349735434272,-0.10618251185601266,-0.12430738761986629
2022-08-30,2412,-0.04196249641562355,0.05140441546465628,-0.034493647172584664,-0.012903207198490974,0.054134266100855796,0.00293232305304576,0.0287994051660209,0.03832859630934743,0.024244379530820082,0.04817801680449198,0.13597718147572993,-0.028758070508503198,0.029560538793849366,-0.02269585531750905,0.01924384955188624,-0.010921489127350758,0.03029992879556661,0.017184193903900115,-0.000523800546626163,0.05236409955687121,0.012514984696682463,-0.00804729694630606,-0.01084745767754004,0.00014374287536248476,0.0522796472203124,0.04025087292341082,-0.007455055785276621,-0.04283693440295727,-0.009893796883857265,0.005208807300448359
2022-09-14,2415,-0.08156912718054111,-0.10155507757025901,-0.0875682385158238,-0.12131241064117357,-0.10379715016633262,-0.07468601504840341,-0.12192780407163228,-0.07243817570595508,-0.12275658576238939,-0.0816776015307132,-0.06476861426336614,-0.09105415183645363,-0.07943183700032184,-0.05209513836281743,-0.05719987857857591,-0.13439758077876338,-0.15540154759751026,-0.041359514295982905,-0.1251879184737767,-0.16312212106288987,-0.0670794438563106,-0.0888850241002931,-0.1377313857140452,-0.06290563551719858,-0.09358436484094491,-0.10457807690971462,-0.06848200021555728,-0.11311028311160323,-0.07530736712087269,-0.15917435902217883
2022-09-28,2418,-0.03101484069306576,-0.036674520796837064,0.021234489212919382,-0.03975506401182819,-0.0050164640752016435,0.06448377023660588,-0.0773466414093313,-0.0189652578863732,-0.04743480580844296,0.002027770054790423,-0.035599664257591146,-0.041005217174798415,-0.026955776561503088,-0.008818393281203107,-0.012178440842739469,-0.12915816772587624,-0.08419921224376323,-0.07538738150707777,-0.0488982757529011,-0.09748857380934281,-0.09089083843591228,-0.11468433039214285,-0.0964741482909874,-0.011970202918655148,-0.09286767993866002,-0.10434069726158945,-0.03439277483468657,-0.12085372610771387,-0.08160817916334537,-0.022832213917080478
2022-10-12,2424,0.11760394297208243,0.08165258633723235,0.11031502679959979,0.08532648658497514,0.03555375170446236,0.03476570767902598,0.008183424753654023,0.02599430418609089,0.04150182628373773,0.07663627868925058,0.07722364898692127,0.08534545253853279,0.024635866863613066,0.05294118427550972,0.056172000897057484,-0.08785884414759047,0.04236721816550408,-0.027170862503438233,0.03844954767190935,-0.004841903649522172,0.0619718744694683,0.0556473011800245,0.07107830640279585,0.058801744979883955,0.04509268812144478,0.0131051093759598,0.09507790763364972,0.10679943712960696,0.06217262754241428,0.04046479402003931
2022-10-26,2426,-0.060071102389477736,-0.1382887486773565,-0.02324228894465641,-0.08233703808711604,-0.08470278974836015,-0.008427116284495006,-0.12121947683246562,-0.11413601626708218,-0.04234637339819823,0.005953311128465566,-0.08604817058639384,-0.0407630519434974,-0.10214338702270001,-0.06280149465776179,-0.05016119188143797,-0.20343486039448896,-0.1686604523556214,-0.021484546527440807,0.008843043245903171,-0.13566935687608345,-0.0996411777640197,-0.11899042611632756,-0.07281798680003627,-0.13277119395211504,-0.029517796639206582,-0.11926504814804191,-0.08154024184392412,-0.048680403898403904,-0.053795628610614855,-0.09979446874627015
2022-11-09,2433,0.18609787767880948,0.10391905365847123,0.06700475690019517,0.25798328889795774,0.15637881088891953,0.05372086498262224,0.059211946267405266,0.1380753423136098,0.17625250121629543,0.08899995063921906,0.07413097186998123,0.07016601995850498,0.11752474895351513,0.12487204583829906,0.12262879093144632,-0.023085315274873664,0.0856506951151946,0.04527000767485308,0.053318218688023514,0.1523705834064976,0.05250813257774108,0.015026686786589338,0.04504692296702696,0.06222297466550837,0.1295194480278697,-0.029406557818495327,-0.0058089508647715,0.08554701517361221,0.09828484488635367,0.08894108800954927
2022-11-23,2441,0.1074204160692277,0.037531496237243736,-0.03893083741398935,-0.0114891276575107,0.014949304067158086,-0.019714913991499862,-0.013908396204943696,0.0012796402567067599,-0.06735196169001388,0.011911603314375473,0.0058408423224254324,0.004073126507971259,-0.013544424868551197,-0.01463946238556707,-0.027058346267507583,-0.10924699700878611,-0.05148933824040158,-0.05185799375068352,0.031110330933199325,0.028262062286409352,-0.02815518203366838,0.006334116646199062,-0.05724622477690948,-0.030791871173601316,0.17427605957643202,0.12250162301759296,0.037998456216750076,-0.028051671059456974,-0.008052826560174631,-0.07839220809677969
2022-12-08,2438,0.024677187179074477,-0.005779404366437757,-0.062213213301925696,0.02856285088558902,-0.07856047699473918,0.05984979029940742,-0.0008452725102862324,-0.06110644157982372,0.005524103528330948,-0.043764737182906764,-0.04570717660349301,-0.048239987454453105,-0.02006878300001569,-0.029981453457389985,-0.034269890160119575,-0.14348629714023875,-0.08247749968901995,-0.03752658662969287,-0.0967213130525478,-0.11535230102321063,-0.039872416516009944,-0.04775464528560512,-0.038092589186384515,-0.05491981227151338,-0.07891710426762308,-0.08565047380095922,-0.13414895467401153,-0.04636439965183077,-0.05434670299881551,-0.009777196062677318
2022-12-22,2445,3.547647392119172,0.2872348734763014,0.07291527781783184,0.004611195296202586,0.07556639907251728,0.008777610188559892,0.1075427173652529,0.19531238540284054,0.03323899529314898,0.05040796685968304,0.09414432385628146,0.06669525915942884,0.07286462324078727,0.029634405266123744,0.06378305087971849,0.03238415083920122,0.07085119187147144,0.09675966811338643,0.09378576665431307,0.11673588883387229,0.13402892809197017,0.07163534340811074,0.19395317478756663,0.05042792966954508,0.10326310347851637,0.013229827591685128,0.048726100620204216,0.016375705524820493,0.09298418806117066,0.1915803246977461
2023-01-09,2446,0.22143180757364772,0.15554273160738105,0.16253278938816074,0.10572640767233712,0.22350573816621963,0.0763220244185607,0.10478393455218282,0.11791041630679758,0.06826759970394507,0.07367564080018453,0.13728067120812176,0.07156637015744544,0.0869604553779579,0.06796736749150198,0.07311896137868663,0.15432331834228105,0.06577064762905811,0.07597420955658438,0.11619772902583865,0.06362424254177552,0.07770697705961928,0.09089397769181021,0.0655924099606566,0.15337137635582607,0.10457820380024582,0.10778079917228209,0.16118588244378382,0.12183595649377157,0.1428064984535934,0.15179981688735564
2023-01-24,2450,0.19627250002815444,0.17956902131180727,0.08997546555970776,0.09453495518668466,0.21215043648391002,0.08132227467959419,0.0515576811209311,0.08495207542395512,0.03229003828791453,0.04607749426444478,0.041571418574689954,-0.03552960111544823,0.0038989170977713817,0.12236116804594685,0.0922509228157514,0.04782690351499084,0.23536680767598975,0.22002616668431552,0.07115828531019955,-0.025348231144470955,0.12836640971080793,0.06782393446813398,0.09525923908335496,0.042911582418127515,0.10519886834154157,0.030511210877621507,0.08671668524876429,0.019961419912318923,0.040981208944516664,0.14728295177691203
2023-02-07,2451,-0.01810349177819921,-0.06320503135782826,-0.006903650188803678,-0.062713471782051,-0.08090822798837764,-0.06506720571913711,-0.049430373056677065,-0.006199224387035329,-0.0595995234216965,-0.044089115194803664,-0.04164135422874574,-0.03857011065973552,-0.011658929810212016,-0.056733480029317364,-0.014366621731155682,-0.16884350575200577,-0.16730319294236562,-0.09428993457875649,-0.12217495209199436,-0.13327096610986813,-0.022422833307155464,-0.09433470528263951,0.07508737431175716,-0.10647874409876476,-0.02276716646477044,-0.07416781366843764,-0.0737783416631766,-0.06754070351667821,-0.01624191303496545,-0.03570525787494638
2023-02-22,2457,-0.04835771817361312,0.006296953743977563,-0.018835675565838084,0.06056531163175517,-0.0003979328366833901,-0.011979555408688159,0.03814847050975919,0.0376635695607432,0.015791139902166705,-0.05272699495420533,0.04325487179075234,0.008153534500235626,-0.0015390119741304886,-0.02472533395930865,-0.020124515654242347,-0.12299576296407451,-0.15287722837280357,0.10207266531227636,-0.12855969964347197,-0.021959845314473658,-0.11569456051031779,-0.13742206459740344,-0.015779377127913587,0.008301611898142625,0.04222629458732806,-0.001953026251867085,0.026583787772669377,-0.01650935577548508,-0.06471177302454723,-0.008777950195166773
2023-03-08,2459,-0.049283373931035455,-0.0922259135183289,-0.12677660235724791,-0.0522838006195538,-0.07187599836286439,-0.06466769143854695,-0.07798260254675186,-0.05165516577074181,-0.07090109800025171,-0.028661317163960066,-0.1204324384786672,-0.08660842502571031,-0.07935140130706807,-0.08495933191436802,-0.1382591121455879,-0.040362289157620676,-0.2066943220817692,-0.10421457657670401,-0.1284932102911016,-0.14188853498433113,-0.2067293327987426,-0.13410203128394144,-0.1003523676014503,-0.11659147648323857,-0.15435457462968127,-0.012941085944560837,-0.10952963411536305,-0.12101110301190265,-0.05991605391998134,-0.11204395890887686
2023-03-22,2458,0.028995100560931332,0.0585684217034587,0.0055346830900648404,-0.07337752939514058,0.031771410412349245,0.04708795240151953,0.06660886525385096,0.1846114066077143,0.04771203928462072,0.05635161299099868,-0.02512647995349184,0.06813888168590274,0.0020100865448178353,0.06423548102171985,0.005230651165866939,0.031518094352960414,-0.05322392007964727,-0.02895289416867781,-0.011988392754062004,0.014972496921080203,0.05468119923176438,0.029966295084991025,0.019580828078116654,-0.00037782265602811507,0.022602296862757165,0.007035443370934524,0.07353205597616005,0.007287970866470195,0.05145857907671606,0.06199283328942608
2023-04-05,2459,-0.0014525426624192872,0.14211510089828788,-0.014130058350623542,0.021381949399444912,0.022971352704558735,0.02063212650591807,0.07019865966467857,0.029303432083449155,0.005040129736363285,0.06884944698732498,0.0233519232001575,0.0037464770785039627,0.02480601057351428,-0.015752273487314516,-0.007259814033937595,0.10864901380110925,0.22318046797349397,0.10766246047573387,0.042950150473952245,0.02529553230627073,0.16116645382934597,-0.002129109498592641,-0.05830605143319604,0.01138092629382097,-0.029012792345278714,0.0463264086960057,0.03462373215011595,-0.012485723357410494,0.04616669311469843,-0.021440999360354884
2023-04-20,2458,0.0007442309874939879,-0.0019007466548165096,-0.056789116561054065,-0.007337523781081601,-0.14472784495331453,0.015768100955710594,-0.06026218881953758,-0.04923012691822472,-0.06378505594345149,-0.10494112579254251,-0.0011766453542313205,-0.0018362714559123972,-0.03685366520018317,-0.07741549180600117,-0.02028163788416688,-0.03671170997664498,-0.07849011986356558,-0.026675158186523894,-0.08640067855450925,-0.07727200087099782,0.07614125877309104,-0.10517998145692878,-0.016035060365417318,-0.02370516750859263,-0.027251764654646026,-0.02838960298724902,-0.07603486534358997,-0.042825741440685704,-0.03838964165073959,-0.004704537990786728
2023-05-04,2465,0.14601050236797047,0.044517368102645005,-0.021785345001556912,0.14064156690013085,0.054730428415469046,0.014002882411187556,0.07700885878313121,0.17284776221327655,0.09046845168470898,0.08428419438083565,0.04782881960566824,0.03312949612089504,0.07510424607513243,0.011884628496629713,0.04662595882613461,0.985923869372552,0.01813409649358024,0.11919369131661468,0.10333004018691731,0.05240766791104142,0.13222786517748672,0.12405263542113092,0.08085388934762801,0.09417799742153607,0.03958122542190327,0.18181020897319947,0.06971064250787942,-0.006085470168974383,0.019155418931625222,0.043040837181330935
2023-05-18,2465,0.28276743511563274,-0.0037487835575282457,0.0977566937757844,0.10195128806026746,0.08081843774503603,0.0714703113879718,0.08286789363666251,0.05552416695844772,0.05560439138392309,0.005383722931467205,0.04890630417215839,0.02702338065410812,0.04061040982169641,-0.017966059893618734,0.010171829175912205,5.215864190963517,-0.009640646911760198,-0.006381616469063367,0.017798472106089657,0.10067935090302171,0.018807109584447323,-0.0008514078624556887,-0.0671890791747898,0.05892606834793072,0.06702877283469852,0.16497638291340916,0.014985163438127957,0.06801988237908838,0.029167725652875887,0.08749189054980906
2023-06-02,2468,0.024323337551953417,0.047254462868050094,0.1517922394045856,0.015213536900042646,0.07506912577295649,0.0524266292090267,0.04317746279403617,0.05700928308680325,0.10093704204088802,0.07946491087493893,0.15418735125938016,0.11085891470727108,0.09312402481549167,0.03514271644043863,0.02418256761223051,0.10698584261907125,0.08047780975307234,0.06301227001631088,0.05043387703102007,0.07517984828884783,-0.009017732220293506,0.02347907920378208,0.0599314694003026,0.05139739700684404,0.06414871516894602,0.041370190143113175,0.026574773924668504,0.016388956470816795,0.08897233278760605,0.07174207295766749
2023-06-16,2470,0.019273084659071293,0.007035891460115806,-0.0042094124330125824,-0.009693065337293472,0.1252111006426145,0.08569430661217775,0.040221128594902886,-0.027603828408022002,0.08744808859625584,-0.006343512387034201,0.01271665129284375,-0.0339906317777716,0.010776120488738005,0.05759093592668627,0.013233943264511206,-0.008381499550714166,0.039975731346495756,-0.02413603421425936,0.010446021512398929,-0.020712900605575013,-0.01078212236845556,-0.024212594442063706,0.04858510946168585,0.07580543073676503,0.08398006170759612,0.05338771319514603,0.030986985567729976,0.024610241958195177,-0.049411664912842115,0.0013430600148777061
2023-07-03,2477,0.1800339134878867,0.0733822425736045,0.0772313161694764,0.07050324823350847,0.07494500090832766,0.07571358868448747,0.08777386136586261,0.06896696197559096,0.08122022174988708,0.02943743364198559,0.05150184294507112,0.0697313542680619,0.03282425156391845,0.07870377241017205,0.09069890791753381,0.06631369685628093,0.03958651401162024,0.07058983619028483,0.09179277640563047,0.10963171138905174,0.04725762035383942,0.021202674822362988,0.06724964275859026,-0.016415181455962935,0.0939377873864808,0.09927643128673683,0.14165727587122418,0.07107385422544699,-0.024969370521212807,0.06013217389933075
2023-07-18,2483,0.07186453691168734,0.02159000590740422,0.0347532872826979,0.06989009748941147,0.05118357214193849,0.09293420841433149,-0.016678666640183748,0.0105360144986548,-0.022064317047868966,0.007305856542518374,0.02189437551577913,0.022436592036716642,0.033152783691387924,0.018440546286458005,-0.03139689709509989,0.11643384169281754,-0.04788989474761246,-0.015205796028040387,-0.006500553077569493,0.0114437886747909,-0.07512845469302484,-0.02323074946212893,0.023615850993780017,-0.05563322787820289,0.026748391919460636,-0.04183803536851919,-0.006132154195778339,0.03434106281051735,0.007729443379658263,-0.0066017817499536054
2023-08-01,2486,-0.11678613390814832,-0.12023610823769955,-0.0014297554425995785,-0.09497218109220493,0.02615337480026849,-0.059018836256214166,-0.04638430905863813,0.014683571342011047,-0.11070913612247482,-0.03945053734270069,-0.06961667758844865,-0.07546986914144421,-0.05711277459550764,-0.04732768556318499,0.10131328336833603,-0.1287123871716362,-0.095440348206818,-0.15912124858972648,-0.044767999656394,0.10573035255937335,-0.13999157163869183,-0.09297020873935449,-0.038075312633900384,-0.0760821279602236,-0.06700397331112641,-0.08537971788538007,-0.05208840976622342,-0.06098195938856159,-0.06717411073307737,-0.042412419948493596
2023-08-15,2489,-0.025578944483434684,-0.01108081930284861,0.025117432455424794,-0.12572121893329563,0.012526581338030618,-0.00981399001580302,-0.06108003357071978,0.00015259981959929724,0.00216438716115257,-0.007673747550093724,0.03373278345294219,0.027594856415162627,0.010115727680393094,-0.0038335253425837656,0.009712481839873898,-0.006408398784998437,-0.0767590168352524,-0.04137641620699498,0.010025851799355057,-0.03550076501825402,-0.020643627414254417,-0.04678156566670577,-0.02898680753076347,0.029218526728082873,-0.013867823145576174,-0.02279246918050156,-0.04753731744666325,0.0057398002575726696,-0.026098552506087003,0.0456846924110472
2023-08-29,2491,0.00920713497412683,-0.0002439106968637361,0.04941490476273959,-0.043211631438438994,0.09577122395488662,-0.07750970025501856,-0.018759062108350488,-0.018371529262524878,0.007166568264478024,-0.03568560965365055,-0.03486590465550341,-0.051307695166528985,-0.03692856800727558,-0.026972050829797856,-0.028553511743682182,-0.14252064178510845,-0.049513215977654415,-0.05040560599047487,-0.06586964104193327,-0.04829779931203704,0.027761540526353,-0.07600412663768064,-0.0843442105635585,-0.03681356772304465,-0.05085149315588431,-0.04384768628470207,-0.008660621183699568,-0.02220212772642006,-0.03227006757758216,-0.010741126828329162
2023-09-13,2490,-0.03870249476481243,-0.1137424433089953,-0.11359478899432758,-0.056614258458735814,-0.055158673288845994,-0.05922073120279982,-0.029215196352224714,-0.01743683471483374,-0.07409471225005271,-0.050924995973224384,-0.02706167621317369,-0.045221858764413904,-0.032844118256616095,-0.013038369798244265,-0.06909662767167832,-0.17114380724406933,-0.05464646163894136,-0.09560347300094345,-0.06492583823775594,-0.10416808820938442,-0.04167229755400729,-0.020356489781883404,-0.18528815984451538,-0.056190923795697734,-0.06511411845510666,-0.03738014914779706,-0.022109928789482324,-0.011062093463121325,0.011005468799819163,-0.06188159676756103
2023-09-27,2500,-0.02767033387915465,0.0022446720494342263,-0.029077078248113418,0.03235293803804652,0.013333094588593764,-0.030584533302357088,-0.013998876212194344,0.024634022201811157,0.008311523794301102,-0.0017172222882027687,-0.026594927961170568,0.01722807862180058,-0.011657488784200976,0.005660219978208414,0.05581029805854855,-0.0031965398616224496,-0.10202555114879228,-0.0954442896432115,-0.09471823818472529,2.8012319162296075e-05,-0.024299933157000797,-0.022487090542468557,-0.01563860887068036,-0.08521723415478014,-0.0068923404990732014,-0.01221487396217017,-0.04156117173925646,-0.02233020237722696,0.02123232531687843,-0.07274078018894958
2023-10-11,2501,-0.12823901218069284,-0.13968824845747516,-0.10533198774459859,-0.07095343519039704,-0.10154907915206905,-0.12012891766427418,-0.12807000062245155,-0.08322668651071342,-0.07342983857975209,-0.05874395433766545,-0.10185967509649167,-0.10074025343415371,-0.08500515193856484,-0.11223807031070332,-0.06536724682170601,-0.1103124870240412,-0.017692583353323577,-0.11301861354329512,-0.08205879112258736,-0.11300234327259928,-0.09857451631263829,-0.12295719093105921,-0.12291200095839253,-0.05559587641516557,-0.10792303372702934,-0.07717849823859402,-0.05802399354929709,-0.11428037213923306,-0.054769287803448884,-0.09404836584275703
2023-10-25,2507,0.03308118367695288,0.012521420948991158,0.1052576324171515,0.11903684754535286,0.11047998488974065,-0.014806552162453478,0.0713202054184902,0.06552235799386996,0.1056720046071526,0.04772670913911432,0.048555179875747666,0.10787533814406772,0.031078235963073818,0.07717790775437408,0.05478709988988625,0.20222185053553812,0.05993701375698418,0.08450562563707927,0.10678851831724323,0.03115163212710882,0.12476596842721614,0.06117534572668182,0.007554568195393163,0.10452417088218469,0.028006301237149756,0.06367438408752638,0.07964345198207043,0.13016966159431703,0.028114867030530365,0.07638673690378228
2023-11-08,2508,0.09435008558738317,0.08690076724474827,0.04284005356026864,0.07531298199907059,0.053757028987769004,0.04903911303149788,0.0738544793807194,0.08720213997442888,-0.046955255407204556,0.09218523622760648,0.03716298876256898,0.021398655905227527,0.06676216193623942,0.04634906169587427,0.011135676397035088,0.11271037973995554,0.06774091959409904,0.04404345882306563,0.016323704507736382,0.00081064046217868,0.0907943985570379,0.034934660871307234,0.029907350939039578,0.0634900932059986,0.1313306190821616,0.06789944547065777,0.017847790692614617,-0.010990102894707521,0.024757175259015628,0.02227935829633345
2023-11-22,2508,0.38800226039374996,0.2837239953524263,0.1602240236820342,0.11628009733042088,0.07969709689513996,-0.04363956569888906,0.08559980537277852,0.1590706346269115,0.028875163495605916,0.06370595980625275,0.06340481299732359,-0.010954911868601813,-0.02183913158616252,0.01278158161629429,0.012589156173003813,0.2709490364812276,0.04896385952650473,0.06202618961668257,0.12056185688813556,0.0880389177701456,0.002533219540750886,0.1072300875948384,0.12457443707746425,0.0845255622391552,0.08330193014248014,0.03346701585569757,0.16290068625673726,0.0620170373585047,0.04269306353925765,0.06192876715182323
2023-12-07,2513,0.1367928498287848,0.058792625339218654,0.14234135753942947,0.057933059099810356,0.062129598327284596,0.06786019735037539,0.09112476279034516,0.08749782850673575,0.11663469557891275,0.09669652465491221,0.064873798829883,0.08272710789435858,0.1076642641269577,0.12219396963485425,0.06625053595682898,0.09544177075520345,0.09321908807681906,0.07543923302424357,0.07517829233509175,0.086952516327191,0.2957748034197104,0.09940478821437851,0.11979709943083998,0.13525107813845716,0.11203789779684381,0.11023914672109932,0.13101478442382675,0.06257145802467,0.0633059599135226,0.03729510171535035
2023-12-21,2509,0.11162695291261442,0.0077707995817556715,0.06682411977908366,0.0307574437481666,0.052299161845282285,0.1804289149116623,-0.026844133829422932,0.030686388061179116,-0.01258994131407557,-0.0021489159632454347,0.009012050068424638,0.004378144578607535,0.03288531412730341,-0.031817561268424,-0.05888116051818498,0.050563154683911524,0.08815323762787837,-0.0058158354134778215,0.0447824671210955,0.04684907722223147,0.01097275277733003,0.025085812625686054,0.03300298048560498,0.02151152597735778,0.008821342005462163,0.031688168000753233,0.06335443444657375,0.003458110242070622,0.016823128490104734,-0.023343426516293387
2024-01-08,2511,-0.046147056464249034,-0.09751302445394512,-0.02329102091601539,0.005607776686787613,-0.05387901233711001,-0.06200816887420578,-0.048436388075535186,-0.007328970514108424,-0.05287625407240676,0.01772897531026345,-0.04591745906578687,-0.009622815730895384,-0.002280529588897617,-0.008519152544103204,-0.04429371391144693,-0.007408981812140692,0.16919711426619422,-0.006794866109443498,-0.005963569294383231,-0.04222528349863129,-0.037048254586312536,-0.05722785856398338,-0.08848596314468823,-0.09264665141052159,-0.01439945304274225,0.07901759405595962,-0.007967698203527607,-0.0462770482657492,-0.027503561139744448,-0.012996275907586874
2024-01-23,2514,0.0052663055389889244,-0.010825179814290209,-0.006816137272463207,-0.04956772510382932,0.05300143216008513,0.016836081181933037,0.029564705608835794,0.002667223308259159,0.032988203918293324,-0.02559944033360493,0.03808713117943161,0.05004493289868661,0.021611495859970076,0.012442943723416667,0.02942068865813725,-0.0303872388674555,0.1663755369818632,0.08033401240388201,-0.03595028756735227,0.060832049106454525,0.009374474086229989,0.1019570666863355,0.008935436317597124,0.007561194431236695,0.011402092664503316,0.17073645805253757,-0.033947369545225446,-0.013199422969843787,0.012243754022217668,-0.024508083992919105
2024-02-06,2521,0.09615594725773079,0.06572386635871762,0.06368226465081037,-0.021114192822906976,-0.048820566698349055,0.06857833011456128,0.13039982350837764,0.0035738027600900613,0.004515212218524289,0.025185226555218543,0.007107871225280993,0.14181270952722022,0.011725197981782908,0.0011665257025009978,-0.012768961978121596,-0.012616506813793426,0.17961772630123077,0.1228947502654432,-0.058676527168213255,0.09441491679494499,0.13485157889519167,0.13453841558103646,0.045886778782920655,0.044945981909786895,0.035141817919808596,0.081065201779173,-0.015414173394322928,0.045046506987950465,0.02279942113859008,0.014864079363439087
2024-02-21,2526,0.08379354377134987,-0.014053732627073623,5.6317448573239835e-05,0.0626722751554433,0.014214440054225319,0.03618383940989846,0.07469369665240237,0.012934360679996948,0.011741057176720592,0.026305901375683748,0.09072350647068202,0.020684737543715925,0.10337913375347227,0.044766303588091826,0.029507144705327216,0.08195822541064149,0.03234560189787655,0.07598865365844545,0.030767873226476904,0.046472101423113,0.0720824559907975,0.029737359858330092,0.08881548125175219,0.07508528068503002,-0.010940949954972334,0.06739781261252414,0.054431749155380446,0.02585775163351477,0.03723839008999914,0.09484028686589963
2024-03-06,2528,0.048343177067577514,-0.02643998040237694,-0.00016509106217232894,0.026024640686550228,-0.03664222413581768,0.08175310844000236,0.013696251861213038,-0.018155747362254216,-0.04822300684103413,-0.009036642919306193,-0.02166689192039021,0.058093007030884034,0.05338314050972728,-0.019841743689064783,-0.023723657570396073,-0.034358470166618936,-0.058858807286127746,0.031348292189103656,-0.11497646689658816,0.11025441399490507,0.025937842881123475,-0.002159290662224711,-0.01925828101303234,-0.01209646226673391,-0.04602829946100474,-0.05133023187748951,-0.01386903684213726,-0.010262365597957613,-0.00398291571529571,0.062403911911113184
2024-03-20,2531,0.0833482338539264,0.005390573494026996,-0.008315846102008983,-0.04208638675582793,-0.028557340612192395,0.018618406305020173,-0.0026265245268533577,-0.05546703860773937,0.05843984966005762,-0.028526544659269938,0.14331659277744235,-0.03965900358131904,-0.0026279660942133297,-0.03683296855943735,-0.03372604635962458,0.06293262716610289,0.09014108743930326,-0.053090997737503365,-0.04204409288106932,-0.012658759528953479,-0.0040386932811684595,-0.018823759947009033,-0.03138436169334102,-0.04310284398820561,-0.04346701596488571,-0.005802063293455728,-0.021402614369495386,-0.030759615257773855,-0.0019104107288566597,-0.0027213749584867886
2024-04-04,2536,-0.034983023563678196,-0.07169283758315129,-0.07098018295028849,-0.08595878281201744,-0.10863756680808531,-0.08348846642304869,-0.05631441957641392,-0.07679140447232072,-0.08065123064752369,-0.08310179690277662,-0.0669656454325242,-0.059237285924551096,-0.0867448173005119,-0.06832161750260526,-0.05398214981005121,-0.11262451972428322,-0.09720404962669336,-0.12775176038856967,-0.058567624024872186,-0.1033667026489761,-0.11058073079817758,-0.15374002254587854,-0.06914996254968543,-0.03194493552362047,-0.09154682676937248,-0.048840432469886216,-0.03479966631795278,-0.08345182125324606,-0.04995924815142714,-0.05615502624442613
2024-04-18,2543,0.13056629340947373,0.13060643847627834,0.13327957659765027,0.05078526253258146,0.06841101665675933,0.05439623515877886,0.14524743102979837,0.021696980893491813,0.03379200890147845,0.08700455754451704,0.05789122307202745,0.02452934261973837,0.03400015182106906,0.024490513193855402,0.049356446319441874,0.059676588451521274,0.08337987154457382,0.027224395403282798,0.1514600397744778,0.15621954117242987,0.0024029968995974093,-0.062444592361585984,0.06285588002860906,0.034394395074045146,0.07607836749342589,0.04804716679967623,0.019182761769638502,0.035541321705868455,0.025457211803825854,0.04789208680081618
2024-05-02,2544,0.12455523964642405,0.09885926927379149,0.013702198882073403,-0.03324246111807776,0.118498586679108,0.018952240381066198,0.056531449877290516,0.008331783353247324,0.05640254523181613,0.07171296014877232,0.09628486562067025,0.040100421320741673,0.08414091322299169,0.04920978470879618,0.055242239189429464,0.07467173853921413,0.040771583770993866,0.036533704112164354,0.1701885525295786,0.118246446041854,-0.02633687119870014,-0.004908396744018962,0.1370479041163532,0.009025303654551587,0.030294650184660533,0.21818816709406974,0.012382989986253267,0.11293655308700239,0.02238206006266148,0.14344571179800963
2024-05-16,2551,0.00901102346289866,0.04706334300548385,-0.01888488425448509,-0.08253708997072849,0.0459961601401113,0.02456397987477903,0.16187651166313594,-0.03632973870597743,-0.07232066590956292,-0.02694549535093337,0.01848097503091579,-0.015507910709730366,0.036504050218785576,-0.02573909693087776,-0.017144019531410405,-0.035239084390908594,-0.07422208551965002,0.020452356462103895,0.009354283542597274,-0.11566334738935384,-0.07499513415797573,-0.03518369744375479,-1.9059327847503748e-05,-0.007930395346880458,0.010132644935370905,-0.042422530798652006,-0.049887341858082815,0.1091543165451736,-0.0006392006529206351,0.030656170509574497
2024-05-31,2556,0.05260915682309496,0.04943905607957723,0.0010651467867829778,-0.016426799747851727,0.016520059892383067,0.004820667780881449,-0.010890431297807734,-0.04219252515886873,-0.058213573339572056,0.016675520048130953,-0.010627431414983035,-0.05243434785957646,0.09659590446044311,-0.015345571460992502,-0.0392254110309464,-0.18253967465702844,-0.005531018937979204,0.047536550867361714,-0.017699172120034246,-0.05259728096245094,-0.04831711407884739,0.007457160143624186,-0.05957425939919153,-0.12030263013516036,-0.04903776187131024,-0.07179690859173052,-0.06181025211660775,-0.029931180213434383,-0.045406395770788845,-0.042439413189771756
2024-06-14,2561,0.08122230704590734,0.101113422606666,0.018453942045492545,0.06028470486667446,-0.015184344313953168,0.02093419627084906,-0.05232936694766223,-0.003554603665896605,0.011093865094595668,-0.08607169991837363,-0.02534009122878591,-0.015426798520219609,0.009485433269294652,-0.026061308184558075,0.002795665114247148,-0.024357341531496858,-0.050354325002303614,0.08138874237802002,-0.02820527351617861,-0.03302049049720242,0.0018388787511522508,-0.00018283830874313845,-0.01825412199508546,-0.07850578379215675,-0.007687217145338954,0.008339151039276427,-0.01039780264304605,0.033373902764271546,-0.03043571552642673,0.02576748719728983
2024-07-01,2566,0.243481858321082,0.1319120456032852,0.1800525847234647,0.19234650486565624,0.12576549098147533,0.14774034399179853,0.1502052715451145,0.18011239747074442,0.1347346935557449,0.11376705088237893,0.09999829034730937,0.06992390584318546,0.12412040917510703,0.12012434747297296,0.10026909789406002,0.19345251125856444,0.22313338462634041,0.08667813878964745,0.1791156416418624,0.2109660574743954,0.13776381259796516,0.1307686476571183,0.11105035010982012,0.08924622396344085,0.15844604533228984,0.10525623666130546,0.1157803806513061,0.09274563363810842,0.14120306118937717,0.1068658917261442
2024-07-16,2569,-0.08967549752433976,-0.05155965902830527,-0.03997931476081283,-0.0975160487235464,0.016213803407306705,-0.04028191802229079,-0.03763973641653684,-0.046433636585544356,-0.04265969670045642,-0.02872952334103802,-0.02731558487322051,-0.09341306830596663,-0.02323337264281893,0.5423197145238424,-0.06488491396706163,-0.12379751748608818,-0.07181901295979239,-0.08641396003244209,-0.11520873340741626,0.013507108205843254,-0.09743031087584618,-0.09523493715126938,-0.03448668130530065,-0.07105828324368445,-0.08132134778928081,0.09171163473742515,-0.1197987421745537,-0.06023351952119088,-0.018384594517481277,-0.015579029413047552
2024-07-30,2573,0.02358850494105802,-0.06357814923637026,-0.015257989703634723,0.004367802021320056,-0.005695012569170765,-0.011205272882274186,-0.06948709641630305,-0.02607471411555907,-0.033232129318857405,-0.0194438974711047,-0.02067020340478174,0.015150510860608013,-0.06939473168387175,-0.0824793679869115,-0.08452275194729328,-0.13156833609456264,-0.13628247884241093,-0.16306096441338222,-0.10113241563650763,-0.057877950285464386,-0.10189625839439446,-0.00043406715548981455,-0.09464685866756496,-0.07097932692483445,-0.022066061322249808,-0.09992775137438085,-0.08329155437003569,-0.09060656686757701,-0.011496386188160412,-0.010095410861112031
2024-08-13,2576,0.2518890601045541,0.10896354167102935,0.17855538590444414,0.0855385588147048,0.0770420176776175,0.045957013085202725,0.11689055192171191,0.09925126698329328,0.09816420450639353,0.037620335674421676,0.028796831808562906,0.03964114613408807,0.038025364322071355,0.08252225533300325,0.07286497457683135,0.06339511407734846,0.09896001921830241,0.0006091525560829259,0.020075089441356365,0.05376265790025296,0.012707647283141887,0.09617136579764435,0.05698869126367619,0.059372675551524645,0.1425988197149911,0.07677049287520182,0.0771269538772031,0.06055557401719212,0.053837036368606796,0.05793056548397544
2024-08-27,2579,-0.05042957870394467,-0.027475153159651156,-0.028868178956686606,-0.047084027630582545,-0.028499150050550603,0.019113147163643585,-0.04017360437549348,-0.031945823683422934,-0.019303940475174884,-0.03296178362011678,-0.09370645448851718,0.028141025069537695,-0.043422494870926344,0.021029891094184815,-0.015234284951906629,-0.10374309185995507,-0.11304360632537777,-0.04676875050864626,-0.07195616480983139,-0.11390385981378152,-0.025679009782831573,-0.07878450358648963,0.006065331164270949,-0.1156133532770596,-0.018789443640266478,-0.08872986243714459,-0.05377404902996602,-0.08505338033609257,-0.041040758846393556,-0.027891687509450026
2024-09-11,2581,0.11489317580742124,-0.0005081147082319104,0.041128297232066305,0.015826693724123053,0.05477975602453213,0.08382487279351244,0.08501922562826944,0.0536459942892884,0.11514943476551984,0.08831430147604835,0.043232628301143404,0.055160706007462146,0.014756622056519165,0.06845944706119114,0.056717934560064756,0.0423195354600255,0.03708137171065912,-0.04411447442830364,0.0724932365657919,0.09828127306308568,0.0013357171009777847,0.04251962382217006,-0.030463396744310423,0.0472504289537654,-0.021707603663545526,0.05728002711984389,0.023067950905720412,0.05124390608160432,0.08254377867183592,-0.0017148755661483884
2024-09-25,2581,0.03572068980939883,0.05096539509686195,0.043203892566693027,0.013037919777151397,0.06991126271585987,-0.04895682909618228,0.010948283285784488,0.05071035681055962,0.03908665775323088,-0.0045263109194989435,0.04140989123111514,-0.009373020078854755,0.002512699717096567,-0.007365764682984066,0.10679837098793458,0.010584923312736394,0.10151040570008112,-0.03848050968211316,0.038100360386651155,0.0008063342362541581,-0.04796315927832284,0.1507867635002492,0.2213992539908784,-0.045503055638631794,0.04955759713412755,0.05023939685128713,0.011578734984119177,-0.014672039964287986,-0.010107079512314465,0.028469552439817202
2024-10-09,2588,0.2733355075252929,0.07071112705250947,-0.046183227377921576,0.0235887591686184,0.06527883258251738,0.11498141718769075,0.04358035070579384,0.07445418875226813,-0.035374260596138976,0.057067189364621976,0.024172647830150162,0.05391814308680672,0.040261053548403924,0.04076654442841188,0.051920988430304224,0.08851057597250714,0.13451506332335744,-0.039207957278435,0.017117954324676665,-0.04079049614310639,-0.018599453603429593,0.04393577835216191,-0.05958714047145951,-0.006122073106760851,0.03875887820414718,-0.004624763348822036,0.05956477441253853,0.03418216603141193,0.0004009292612555004,0.06607572322895718
2024-10-23,2594,0.2825487739968463,0.011587834955558684,0.22188347377710196,0.18502766759341444,0.14118755217348716,0.14648779511014592,0.054577069884388374,0.07278416233971761,0.11355411542515777,0.060730483901431306,0.01766596277515159,0.08557967291254862,0.059915894936655535,0.1425009480162617,0.07900505848574921,0.08973155644537648,-0.06222195697466755,0.10623508354912665,-0.010063580113313875,-0.037178649099196784,0.0388418259431569,0.09964908046332281,0.0035635993027708147,0.04997860565793821,0.020155446155592605,0.08456441447771466,0.030532262260558007,0.0037266276706091174,-0.0072220594412829575,-0.02226997148271671
2024-11-06,2600,-0.023002744689506593,-0.1252826456459242,-0.12025155945862917,0.010288762959766763,-0.025829882667069017,0.20490057226091674,-0.013124011457314778,0.004617326119309484,0.0013411409300461696,0.0407013780660357,-0.054759970983832305,0.08484141740841988,0.02879178164458358,-0.005235982641570036,0.02418678234945474,0.06488478550577544,0.08584072509681992,0.035066335431700235,-0.03192947376813573,0.08270229810110342,0.021301753560456584,0.16378817674840102,-0.06260416593730349,0.1619268491916208,0.016538298254641547,-0.04902747448199084,0.1426479586687475,0.059553171223123855,0.0520588088018867,-0.06534972353086965
2024-11-20,2601,0.18558003816308558,0.12477397754335347,0.029169894935805095,0.3001407377946056,0.1794400525406446,0.13057381922602973,0.16339808415304707,0.07282489286021757,0.0020542196256189914,0.12665904638655284,0.03596810714580358,0.04380409560576874,0.05815605970484476,0.019823618185958645,0.03980804450515803,0.37500419898169596,0.12273418413463492,0.02786339473703452,0.06329606913797367,0.15275024816996038,0.11817748781051292,0.09125967891856754,0.18559024954960487,0.2638483934306574,0.04526012340690303,0.16289951453116308,0.2197881882137279,0.03413963712415284,0.03759899206698266,0.08378056450870937
2024-12-05,2603,-0.05061402240100836,0.05814314377409404,-0.0450984785659929,-0.1011245619631311,-0.011944159670578125,-0.09792911435905503,0.0014599946339540204,-0.07673529996968013,-0.06519628008406166,-0.09821422738249566,-0.067538469639254,-0.06650032543647079,-0.0752465711579505,-0.07451404076534933,-0.027096538553323623,0.05846706236628731,-0.10098004862555274,-0.03772798929120953,0.004659394064806743,-0.08624040273983413,0.19482395729960755,-0.10452382687761493,-0.04118404543673983,-0.005422477485520027,-0.10775211523507285,0.3395001644075558,-0.05647623264179739,-0.05288678824874783,-0.1333931562452772,-0.0305621119256864
2024-12-19,2608,0.013582280452861617,0.11505681377678925,0.18639466982992253,0.027693324564216693,0.02585550607764776,0.09860926267689586,0.050879075541940724,0.1054847639997232,0.12794593689172243,0.02405713474258018,0.046094207045746446,0.028883095084126398,0.0443556709444086,0.009665416454879738,0.023673575082293053,0.3387499303017398,0.29358356343239383,0.2131370826905445,0.045076920659321854,0.09865553146777409,0.06037445068475093,0.39700451261589487,0.08481677113083083,0.25864760269576886,0.14698267805183446,0.10802957776445665,0.08113716925377257,0.043272944695081396,0.07379886011244358,0.09318249931381525
2025-01-06,2612,0.009730906567417975,-0.04213709001262193,0.009958341523919311,-0.005927784627778143,-0.062245203865272644,0.02603047818989681,-0.047286178062855976,-0.07115236412725914,0.02148049033413215,0.0043947869991909135,-0.004579943187012703,0.041089354308891365,-0.016930353294526447,0.011679542897762551,0.006355747308012328,-0.09426008093963315,0.13846669352258573,-0.06645386559411645,0.05540434496302303,-0.0768978972156953,-0.010481152611613443,-0.04511827930775134,0.062412877311819194,0.008299238094841167,-0.03480706235218974,-0.03460670247444494,-0.00509757290743793,0.012962990182173607,0.07391114089236869,0.007087940393618463
2025-01-22,2617,0.09663910777829124,0.07722088441094974,0.053950912079571846,-0.06788103599863825,-0.028934200188606374,0.0007646672618415896,0.025408235693967496,0.015848475512245507,-0.05453752340360886,-0.030106305894052044,-0.026243356783967674,0.009065279976564578,-0.013615973465621434,0.011777587620163366,-0.018833043097846013,0.055698896193464756,-0.016947633931238416,-0.005998055899867261,0.08749069550612093,-0.017884598732508084,-0.03329892007005736,0.04312409699342733,0.02030795322877309,-0.012165013626095834,0.06428008370286274,0.007154442097483593,0.0094196233599653,-0.011616822291735496,0.020647209247011078,0.021390316664157905
2025-02-05,2621,-0.10999826204908378,0.015560805240193898,-0.03446888900628546,-0.03072954549038408,0.00912980133036656,-0.02671187400477344,0.031075298588284804,-0.048420126422645184,0.01182073157082405,-0.029704787684959332,0.03813870038238963,-0.013484161079342383,-0.013784645673754536,-0.017072084957612033,-0.02736649179754237,-0.03875998070519203,-0.08262857380409712,0.07635835675873422,-0.020358249969810747,-0.07188840278663297,-0.06657177563338203,0.07249935362523743,0.03186901610139342,-0.02562412819850256,0.018205418104718075,-0.04027549132818462,-0.0851576993263281,0.022140865507319453,-0.055523473917477875,0.22568674607023276
2025-02-20,2629,-0.08588123747156833,-0.1505459537917059,-0.12744679093895933,-0.12343630716407343,-0.14916946918509905,-0.17373573990585986,-0.11892556090293382,-0.10409554189685588,-0.18847562349467253,-0.11063857054814212,-0.13009687720979396,-0.1704846725527228,-0.17101477249313124,-0.15731367880755137,-0.0992125899993373,-0.1314695157143721,-0.20177116018195954,-0.18014915663508507,-0.16646972088655485,-0.21428566958354667,-0.1626292934571342,-0.11933720301694388,-0.13543294512449053,-0.215530337614869,-0.08717773429587765,-0.17909573354613512,-0.11024249350957387,-0.031219302977749663,-0.10131049747421561,-0.1488534815244674
2025-03-06,2631,0.10262605929041375,0.06878972198885921,0.04360510331148909,-0.020451784232083325,0.026059756621998185,0.05961397666916836,-0.004300567352772122,0.027529773367731637,-0.055733704465054726,-0.009376924102357409,0.0041206648916962685,0.013945065646436095,0.022578103382230152,0.022267603114986,0.010208507482026263,-0.11661934212379502,-0.006571455888807798,-0.012393370374065548,-0.007706132348800054,0.01722271740759642,-0.011623247979229923,0.02668634382302263,-0.06021088285699242,0.018575146858343904,0.170727024527798,0.04667430941226797,0.00579110372853725,-0.037398890688807786,0.06834803901892111,-0.023099876245989526
2025-03-20,2634,-0.07702243562279838,-0.08776316101108325,-0.03802169751342327,-0.1338315730813683,-0.11113239889576956,-0.1390051117678442,-0.11940676201011398,-0.08561531982733814,-0.0695322845259365,-0.07358776065836298,-0.12343800404315117,-0.12940625887988338,-0.09709605411230185,-0.16811040086880064,-0.04512921355846413,-0.10109197953733387,-0.17281736792713875,-0.13312120610334013,-0.13726086122335573,-0.21174833510676824,-0.1392574149953855,-0.07444977428657715,-0.1123612817363326,-0.07504935057166033,-0.06177463970634833,-0.07797884627350596,-0.16773241121367338,-0.05935178644784143,-0.11816266509194029,-0.14378538189869947
2025-04-03,2639,0.00396192166124415,0.17692081307937274,0.020792288915496393,-0.04495384812833756,-0.03858253509516527,0.05385349516908102,-0.0506062248052081,-0.016430788490141048,0.01808609507681793,-0.043719689318934704,0.024068345442816896,0.021076045044166037,0.0033272711871830786,-0.00920979954318768,0.011168035118449993,0.07553570013423447,-0.021261511412319068,-0.02022918644314401,0.12622534145039205,0.001797358353046108,0.07200476494046618,0.08225794446559852,-0.0035899181730800088,0.06508866120971586,0.05723936963868022,0.04420188789505262,-0.04274034275048143,-0.045129599046386096,-0.0010077045845609644,-0.0514079957048892
2025-04-17,2641,0.1157045342348886,0.15898873190976748,0.12635125965898555,0.18084271416958514,0.03375807665077196,0.08975683484262635,0.10045729380669077,0.08640283630945177,0.5669143453895855,0.11416010676699802,0.08700157352244992,0.07514734180321173,0.06883939722199028,0.09997579254785022,0.06209630673872648,0.36701948267376133,0.06796252969924915,0.11495291831475023,0.0329210366563706,0.18364287193685608,0.09163046225962453,0.01683390783378704,0.15381017272526418,0.16161307521651858,0.20734322490388263,0.12163225456271712,0.11385435998203826,0.1367142756276037,0.13954944528155047,0.05350558884573511
2025-05-02,2643,0.06163990904760021,0.05050218158027766,0.17700163713184788,0.08471419134652154,0.2521741618754411,0.04001525653856588,0.04886241094731669,0.08985216339203886,0.0571724146008307,0.11110298011025517,0.07269264701133961,0.05120894543369303,0.10816612187384164,0.045931681851207065,0.12852619240932706,0.01083404836047056,6.834032982748662,0.14288997792264468,0.15221733198728468,0.07613784967973387,0.17267287717082389,0.06907257255345131,0.03663923648202531,0.08848546387870918,-0.04340481956659188,0.04515221734704948,0.08363378085210559,-0.011126616308381642,-0.0258949344503271,0.07771771600250964
2025-05-16,2649,0.03336268204716504,0.0440237828305306,0.10973020369091091,0.11147882686952695,0.02366409171009932,0.15161772206543495,-0.01268573268064177,-0.05070950386877289,-0.026062293736646158,-0.011578679339405196,0.04506767577059025,0.02352375159623441,0.009098367364367343,0.013091348180741414,0.031225024680377144,-0.001851647927382194,-0.08561450787578832,0.07562564355603245,0.014897038587248923,-0.029874393550359056,-0.013926720846240526,-0.03146281244354565,0.01835210570692446,0.03614292801949307,-0.007598276238208834,-0.04240634680478024,1.7591972642970681,-0.017429493298173428,-0.002296217052186078,0.002136141625018295
2025-06-02,2652,0.0920558279913454,0.15047893876169277,0.11134581132923915,0.17612288026637804,0.26919563592391427,0.04861522207997948,0.06322858888446392,0.10991767742241931,0.0004994937774888908,0.16248587583840685,0.021074438191565358,0.0630571195637903,0.04284250218663328,0.09132459790924137,0.024675737782939446,0.3010564970769389,0.1257584625788092,0.15425957918151845,0.2626524512365512,0.304842672782552,0.0756425707891321,0.06672117710027947,0.0736972969380116,0.188371182273616,0.06469550472774646,0.10533017069653719,0.04554260025022644,-0.00323246667148388,0.11343495095351805,0.03371285881209378
2025-06-16,2661,0.20881701223842514,0.08242780507749314,-0.007208825247544281,0.06571856319194651,0.0531409667125726,0.09722154680339071,0.0957539876799804,0.015034702485202922,0.0029022708555631717,0.04317500932407751,0.09460526302631894,0.04750771444948374,0.9429328732058861,0.045674536564723846,-0.024714027465247534,0.5218534528700928,0.026224179148622007,0.0522869596761763,0.03515439471798156,-0.025769096577101157,-0.013537370427470408,0.04723876069289616,-0.03857767923205776,0.06758362016560784,0.04149155471445605,-0.02435632189341803,0.03765911843537847,0.05232443982410486,0.13831854003855604,0.020461349637637516
2025-07-01,2666,0.2374265794004816,0.0383797859577519,0.0994886412056826,0.01838868926420254,0.11653585677820551,0.02664887124329769,-0.0023385180133005945,0.05029573588500683,0.07093601311997783,0.04317034931313339,-0.032319370491495615,0.007406581457378747,0.0025954891966687987,0.013010324232598725,0.026337643840592485,0.7038682860140592,0.09908924864930609,0.03262417347507862,0.1456169104227732,0.1810257570541256,0.24112730361849327,0.04573458639336381,0.055308576688261946,0.0861595872284542,0.05685664190113375,-0.017037415968519386,0.04179008708690429,0.07708133400477843,0.09086275856681822,0.04020495094992149
2025-07-16,2673,0.0049670536739106486,0.021344844305759635,-0.04188016044197106,0.004716991270579873,-0.10838238468913526,-0.06608081773591062,0.013380273317402625,0.06164097321117583,0.003313361057575859,0.00937638487964848,0.04581225571134706,0.03470528766553586,0.21086575948593808,0.037374575073943116,0.043924597017846824,0.0033750397673753207,-0.03958795143382504,1.193943375642006,0.0305752453039713,-0.024731789024715144,0.07477154287990456,-0.009856058836038729,-0.055549688418876496,-0.012407361686099483,0.027308694082851137,0.0730090078915224,0.033861416647447594,0.006927610011552487,-0.04778076272721785,0.03354910357508274
2025-07-30,2672,0.18416606153474882,0.15256544272762765,0.07617805608970854,0.0974204155790189,0.0011892649915582587,-0.029492233953571246,0.01254838498073193,0.10875806815633808,0.03317500607825348,-0.05212060037566193,0.16396433725266993,0.060255751940565275,0.03816922065631636,0.012958619793020643,0.06554201925935481,-0.00673627778245961,0.030164385388138804,0.07378175139924406,0.12599758435474495,0.13248586278187702,0.05246348611086547,-0.002332842354369524,0.0720119791002165,-0.013533494507892308,0.11588485258351691,-0.00788823170234354,0.09087489899721349,0.09757925827831172,0.1638441829933815,-0.02230148800064209
2025-08-13,2668,-0.006455451751878538,0.055100908590703726,0.003732740290922554,-0.012960115613278912,0.04140581622005439,0.008620194868014307,0.05313428451264933,0.0020662211002764217,0.026665068434658414,-0.0024269879471118137,0.06580388222832272,-0.0020279780187405505,0.005837677810566854,0.03719645267490566,0.02987578038567117,-0.04364510751317539,0.004389799041167708,-0.015090652189999632,-0.013956391593991613,0.0033586545028560177,0.06681475051869194,0.05490851010027471,-0.04179055490186125,-0.022041061986989952,0.035735228925530424,0.0641981873917042,-0.05525721025744122,0.01089093184615968,0.03589267127553645,0.06763000128433326
2025-08-27,2664,-0.006591687064282837,-0.023002086700607195,-0.06101484862669674,-0.028894838059155447,0.033835705223185374,-0.023636717876279644,-0.015998277532648007,-0.005591774243548319,0.0005750977607384744,0.013753146325627064,0.0017746872030315886,0.047139988874820994,-0.009383679428146585,-0.007856098843618787,0.0013992975038045973,0.034055250075353774,0.040396613997367437,-0.03664582748382855,0.027862926144656196,0.0451187236805902,-0.020219364706199082,0.07226667608837448,0.036459513070844315,0.029252552501073746,-0.024573083807102304,0.05034189267991225,0.022644564438792546,0.041052879529755906,0.050871633494421566,0.053999223151355205
2025-09-11,2658,0.05457996982607808,0.02839276164369603,-0.023376725923119478,0.04184503811057849,0.03923138296878392,0.024590317512667513,-0.029322501859495587,-0.025199045465280078,-0.04699403651764158,-0.006783985705121587,0.052689151068152286,-0.05189136331429822,-0.04093986205952873,-0.008688154204024912,-0.012288481414843223,-0.018418586309064854,0.0973360507246358,0.03298587266790222,-0.02100759811856088,-0.027951717301050283,0.0369427949213738,-0.02071229138393158,0.05988869843743959,0.057387128988555525,-0.0070877670636898095,0.06788819803516441,-0.017706162779037648,0.0938723505549525,0.07885662885165454,-0.023846745135748647
2025-09-25,2654,0.13632747306723852,0.12835755688857955,0.1607322671949716,0.07011985081273517,0.05185796697806805,0.04885122872578755,0.019899867991449594,-0.04563980931574524,0.06378230803289764,0.009374747298463437,0.04481323106956324,0.03455206691045656,0.0572111205513496,-0.03117552114274087,-0.010995452042958997,0.09384819832667121,0.21214535360864556,0.11980087731873831,0.15104890666353352,0.13409710974515637,0.016221055757797663,0.19010988443404156,0.10770084985729436,0.10897445847607119,0.024176117286845912,0.06084541551391722,0.07554777900121881,0.07716791145334116,0.13187322427720174,0.04944544859426424
2025-10-09,2644,-0.009586189402875357,0.007701161230717369,-0.03754179419157645,-0.06289433651453016,-0.006683963019357297,-0.03007912004208151,0.009727409074775395,-0.030915346774889097,-0.05711538782892084,0.028951612480216715,0.026176225040161972,-0.03159538164636013,0.011127299148747915,-0.03666380437613159,0.04229450826808549,-0.0712954555407712,-0.06255250581950109,-0.08965406615319674,-0.07015893611385347,-0.02179274135717133,0.0063351102685819,-0.0270049927344553,-0.04407369770219233,0.1070998457134488,-0.015086001315854403,-0.05381270163697323,-0.061141470629575034,0.007042077763363496,-0.028047719242226543,-0.05453878238682249
2025-10-23,2636,0.0010162769168921893,-0.07537688502489237,-0.0663980686071195,-0.13146196282537134,-0.09848334569159851,-0.008015204012550015,-0.17247650943918985,-0.14431817515580628,-0.1226608571922676,-0.004732425892903669,-0.01626561136185447,-0.0017184775775796802,-0.034278092236271554,-0.020490436225982112,-0.04697245261324434,-0.2413333723772076,-0.1765533915058725,-0.01357281301530917,-0.09585559072300749,-0.09577793282503753,0.0443738077395777,0.15774626934166158,-0.052555896554456846,-0.08043220250839533,-0.12350326869390076,-0.0756559276655683,-0.0934208322658107,-0.0605893831386505,-0.05302098099678173,-0.12096916552777326
2025-11-06,2626,-0.07760814490146702,-0.06848854879555169,-0.07284257532239756,-0.023552905329689188,-0.0192452671635281,-0.00953764827913386,-0.09505197090322345,-0.06682904766433276,-0.06612464498595899,-0.0843511973255736,-0.014922202071409752,-0.05693190483166549,-0.08330275273548127,-0.12323951843574932,0.021570487533011617,-0.1025797898437479,-0.20075268204024338,-0.15907372171608114,-0.11264289457812823,-0.0716473322749302,-0.1801075510153169,-0.09771232488444519,-0.11624525969872442,-0.05548378321060787,-0.06839786270732694,-0.04423245676258726,-0.054676028667664876,-0.08882353165643578,-0.11126694955003699,0.009855114247199726
