date,rank,ticker,prediction,actual
2020-11-30,1,YPF,3.092184694095681,0.07157057654075527
2020-11-30,2,YUMC,3.0533817227847533,0.0065626108549130535
2020-11-30,3,YUM,3.030541929784999,-0.002835538752362976
2020-11-30,4,YETI,3.0248269015675833,0.1209434858318823
2020-11-30,5,WDC,2.978786596586312,0.13948306595365412
2020-11-30,6,ZS,2.96027485032711,0.17784911717495988
2020-11-30,7,YEXT,2.9562358081646134,-0.2067332982640716
2020-11-30,8,ZTS,2.936364680505072,-0.005486968449931351
2020-11-30,9,YMAB,2.934566036853567,0.025948496166699364
2020-11-30,10,ZION,2.9259385379627045,0.054936512049753805
2020-12-14,1,RLAY,5.792627599903794,-0.03217708808763131
2020-12-14,2,BTBT,5.78705765401667,0.754152823920266
2020-12-14,3,JKS,5.678870514941659,0.21973929236499057
2020-12-14,4,NNOX,5.492691105364578,0.07506161774591069
2020-12-14,5,LU,5.375345201932012,0.07767722473604821
2020-12-14,6,PNRG,5.375228553319977,-0.16589416763229048
2020-12-14,7,LAC,5.213537129003381,0.32444444444444454
2020-12-14,8,CLDX,5.190263559852728,-0.05921052631578938
2020-12-14,9,MSTR,5.1819275183341516,0.3095910993453297
2020-12-14,10,ICHR,5.167940689694759,-0.05089628681177982
2020-12-29,1,NEXT,14.027813493567386,0.05769230769230771
2020-12-29,2,KODK,12.310655392860241,-0.033857315598548876
2020-12-29,3,GSM,11.91300638112323,0.17532467532467533
2020-12-29,4,HDSN,8.680849019346772,0.05454545454545445
2020-12-29,5,BORR,7.575441392883338,0.15705128205128194
2020-12-29,6,DASH,7.5742585686481,0.4015714589084731
2020-12-29,7,PRLB,7.511764737216436,0.06531645569620248
2020-12-29,8,BB,7.485995195733537,0.09896602658788778
2020-12-29,9,TK,7.305443279728299,0.2093023255813955
2020-12-29,10,SMP,7.209286424464152,0.04168710152035304
2021-01-13,1,AIV,12.874108589553213,-0.032786885245901676
2021-01-13,2,ATEX,9.208844755756672,0.019456289978677876
2021-01-13,3,JKS,9.036252143739645,0.05587301587301585
2021-01-13,4,MP,8.487615527003063,-0.12737752161383287
2021-01-13,5,LEU,8.284140152658448,0.007452258965999103
2021-01-13,6,BTBT,7.372533727549676,0.07599118942731264
2021-01-13,7,COGT,7.199412259866435,-0.2406015037593986
2021-01-13,8,MRNA,7.132375233250982,0.28607125584394644
2021-01-13,9,AQST,6.942734806836213,-0.02835538752362954
2021-01-13,10,ARCT,6.727852950225012,0.002602970448629671
2021-01-28,1,MESO,14.395088286715108,0.18892508143322462
2021-01-28,2,SNOW,9.036563501828395,0.09372826126752831
2021-01-28,3,GNW,7.835282950417255,0.4305555555555556
2021-01-28,4,WLFC,7.464463652934306,0.17050691244239635
2021-01-28,5,LEU,7.450408136542505,0.1516412390198798
2021-01-28,6,LMND,7.402743512033223,0.07302204059757478
2021-01-28,7,MP,7.383571729377768,0.2067371202113606
2021-01-28,8,LRMR,7.308848909342691,0.25142857142857156
2021-01-28,9,SRPT,7.178712338494223,0.007100854321535621
2021-01-28,10,GSL,7.085698950238679,0.09617021276595761
2021-02-11,1,NOK,13.436792752428213,-0.04390243902439017
2021-02-11,2,PBI,11.466655266350442,-0.06194690265486713
2021-02-11,3,UPST,11.159283302102871,-0.3099968464206875
2021-02-11,4,HL,9.494181586480858,0.07755775577557777
2021-02-11,5,ARCT,8.488047900529994,-0.33134442046464385
2021-02-11,6,XPEV,8.384596783915116,-0.2762571610439212
2021-02-11,7,GLPG,7.652171074529858,-0.03707157845651676
2021-02-11,8,TR,7.465903789891657,-0.005165637282425584
2021-02-11,9,BLBD,7.252424634501876,0.28828828828828823
2021-02-11,10,AMC,7.137676544685048,0.427807486631016
2021-02-26,1,IRTC,12.322563977362577,-0.12293349906774398
2021-02-26,2,NG,5.527049513194656,0.031137724550898138
2021-02-26,3,UNFI,4.654046616136364,0.48128544423440456
2021-02-26,4,EDIT,4.589269050090712,0.05517555859553136
2021-02-26,5,DYN,4.174765485353273,-0.08825121819166215
2021-02-26,6,SPTN,4.093349315818291,0.15852989577619314
2021-02-26,7,BNTX,3.9933276315959474,-0.052737778593047735
2021-02-26,8,MAX,3.782867796699427,0.15787469053513625
2021-02-26,9,ASND,3.75455717648016,-0.03691036974898365
2021-02-26,10,PSNL,3.6463664019565014,-0.123580927667856
2021-03-12,1,RZLT,9.307988730224583,-0.2096597145993413
2021-03-12,2,SLNO,7.058347270320035,-0.17532467532467533
2021-03-12,3,TEVA,6.794874988081253,0.07321594068582038
2021-03-12,4,NGD,5.697581870530357,-0.052023121387283267
2021-03-12,5,FIZZ,5.267793622779786,-0.029974364030763256
2021-03-12,6,YPF,4.8571801891840805,-0.06575963718820865
2021-03-12,7,IMNM,4.617078750583567,0.09178082191780823
2021-03-12,8,FDS,4.471903032382175,0.04734641363782566
2021-03-12,9,ALKS,4.47115796338933,0.005149330587023604
2021-03-12,10,AMC,4.070145940867304,-0.08243727598566297
2021-03-26,1,TIGR,13.065310238259533,0.2722874913614375
2021-03-26,2,TENB,6.742167299185562,0.020105820105820182
2021-03-26,3,WDC,6.508137548587437,0.0616825208085614
2021-03-26,4,IRTC,5.901981216798018,-0.4108072439328396
2021-03-26,5,ACAD,5.6607154404977065,-0.2099767981438515
2021-03-26,6,RZLT,5.487575981717166,-0.1166666666666667
2021-03-26,7,BB,5.406177709286594,-0.06230529595015588
2021-03-26,8,PRTA,4.948193617705734,-0.1855018587360594
2021-03-26,9,XNCR,4.700187906361476,-0.05782960495002376
2021-03-26,10,CIB,4.612992079084551,0.011849080137199985
2021-04-12,1,IRTC,13.490412416388615,0.028247884519661426
2021-04-12,2,NNOX,9.478248891645404,-0.059197786998616886
2021-04-12,3,CLOV,7.94527717638429,0.17902813299232734
2021-04-12,4,BTBT,7.618632943668123,-0.11513157894736847
2021-04-12,5,HOV,5.3125584928476925,0.19959491806297192
2021-04-12,6,GLPG,5.1756818075422535,0.07688331825817296
2021-04-12,7,VKTX,4.896871491545392,0.07600341588385984
2021-04-12,8,ALNY,4.684796606026095,0.058283344441975915
2021-04-12,9,MSTR,4.58594599689099,-0.08273000668300279
2021-04-12,10,XERS,4.511679321989362,0.03307888040712448
2021-04-26,1,ARCT,7.0607524788950276,-0.25064800414722654
2021-04-26,2,MESO,6.698090479258999,-0.12561576354679804
2021-04-26,3,SSYS,5.3187105287026775,-0.2403258655804481
2021-04-26,4,PRAX,5.288639780035149,-0.17062219371391918
2021-04-26,5,GME,5.1379440623114006,-0.15219321612502223
2021-04-26,6,BB,5.125444217261724,-0.10561056105610556
2021-04-26,7,GGAL,4.931550690049342,0.07152496626180849
2021-04-26,8,HIMS,4.893587581297301,-0.137123745819398
2021-04-26,9,LRMR,4.491274029618109,-0.12649800266311584
2021-04-26,10,ORLA,4.462034044184617,0.1439790575916231
2021-05-10,1,LTBR,8.570100452076712,0.3522727272727273
2021-05-10,2,CPS,8.42540735366163,-0.04045676998368675
2021-05-10,3,YALA,7.2047103623649145,-0.2071611253196931
2021-05-10,4,DVAX,6.510592695264136,-0.0227848101265824
2021-05-10,5,ITOS,4.919849520571852,-0.025997310623038894
2021-05-10,6,SFIX,4.878965275394891,0.21471774193548399
2021-05-10,7,BNTX,4.619481410495609,-0.036866814924635616
2021-05-10,8,PCT,4.348889845917881,0.30007917656373717
2021-05-10,9,RAMP,4.169598888618802,0.01582887700534763
2021-05-10,10,PUBM,4.0760892957573605,-0.07812922411462564
2021-05-24,1,MARA,10.973011980855311,0.021166306695464376
2021-05-24,2,IOVA,9.47396516685914,0.15869442881260554
2021-05-24,3,LFMD,8.60742849035619,0.4076376554174068
2021-05-24,4,HIMS,8.078129987703804,0.2749169435215948
2021-05-24,5,CELC,7.314103067993521,-0.02985611510791375
2021-05-24,6,RARE,5.407575587520051,-0.11497300880765227
2021-05-24,7,PNRG,5.3726718422703845,0.17505995203836933
2021-05-24,8,XYF,5.252550371212414,0.33061224489795893
2021-05-24,9,BORR,4.7860121011170484,-0.030612244897959218
2021-05-24,10,BB,4.668436620635155,0.8329466357308588
2021-06-08,1,VOR,11.733643151846962,0.07346723044397474
2021-06-08,2,SLNO,9.62691945934879,-0.044642857142857095
2021-06-08,3,ITOS,5.854592902499832,0.12444444444444436
2021-06-08,4,NYT,5.034561014745564,0.021312260536398453
2021-06-08,5,COHU,4.950395156839317,-0.048645660585959094
2021-06-08,6,ALRM,4.583963848165484,0.010165799346484317
2021-06-08,7,IBRX,4.467654600188059,-0.12435897435897436
2021-06-08,8,RLX,4.393576941627465,-0.06548279689234182
2021-06-08,9,OPRA,4.387843346457375,0.12888888888888883
2021-06-08,10,AMSC,4.363772128420066,-0.03424657534246567
2021-06-22,1,CLSK,7.419189673341633,-0.0636636636636636
2021-06-22,2,IAC,6.770845358997025,-0.051156964862548615
2021-06-22,3,MGNI,5.741139045814383,0.05552030456852797
2021-06-22,4,CPNG,5.3896119877461235,0.0002498750624686519
2021-06-22,5,CDTX,5.203146816441077,-0.05154639175257736
2021-06-22,6,SLDB,5.105860757520692,-0.10344827586206884
2021-06-22,7,PI,4.957489769112482,-0.037808329963606946
2021-06-22,8,ITOS,4.841802856394611,0.08080808080808088
2021-06-22,9,CSIQ,4.840937253104263,0.13438735177865602
2021-06-22,10,LMB,4.589273825394922,-0.043243243243243246
2021-07-07,1,IBRX,7.526328390615089,-0.08021806853582547
2021-07-07,2,IMVT,7.291071909132758,-0.058380414312617646
2021-07-07,3,JMIA,6.492969797369614,-0.0641376613218616
2021-07-07,4,PRCH,6.031904854587634,-0.08059548254620119
2021-07-07,5,ARRY,5.856784152175786,-0.11633663366336633
2021-07-07,6,EXEL,5.653635563936858,-0.05230940456316069
2021-07-07,7,BTU,5.249106332829082,0.06193806193806206
2021-07-07,8,SLNO,5.074917792332002,-0.0386407766990291
2021-07-07,9,PNRG,4.92806780063729,0.13347236704900944
2021-07-07,10,NMM,4.7565348015884465,-0.08158508158508149
2021-07-21,1,CLSK,7.385982535072073,-0.09448275862068956
2021-07-21,2,NYT,5.915486842135763,0.10498812351543951
2021-07-21,3,PRVA,5.361755949841225,-0.18762214983713354
2021-07-21,4,IBRX,4.829656014430112,-0.06181202370872141
2021-07-21,5,SPT,4.666971865699925,0.11796632698272047
2021-07-21,6,ARDX,4.426298344818631,-0.16883116883116878
2021-07-21,7,AVDL,4.176774309497628,0.07133058984910834
2021-07-21,8,SONO,4.147562566077725,-0.0310759308120786
2021-07-21,9,HRMY,3.707987001214956,-0.09644670050761428
2021-07-21,10,PTCT,3.5544518700061745,-0.09458823529411775
2021-08-04,1,IMVT,9.084226275004207,0.05434782608695654
2021-08-04,2,ALT,6.08618102598627,0.22176591375770016
2021-08-04,3,LFMD,5.653090496826561,-0.2489711934156379
2021-08-04,4,AMC,5.364899449519065,0.22486595174262747
2021-08-04,5,SMG,5.25845544669848,-0.05864122508507541
2021-08-04,6,BE,5.236848509960923,-0.008244422890397729
2021-08-04,7,ETON,4.852699142620137,-0.2292768959435626
2021-08-04,8,SEMR,4.852357511541832,0.0507564665690583
2021-08-04,9,BTBT,4.798851356222222,-0.14460596786534052
2021-08-04,10,CTMX,4.600153237736215,-0.17562724014336928
2021-08-18,1,HNST,8.646304607958557,0.12579957356076754
2021-08-18,2,SHEN,8.468127660234348,-0.006972111553784854
2021-08-18,3,TNXP,7.4651703331783255,0.08435353836966253
2021-08-18,4,OII,6.191206788866164,0.06164383561643838
2021-08-18,5,NVGS,5.527835785908742,0.0033821871476888976
2021-08-18,6,IMVT,5.445791377184755,0.13659793814432986
2021-08-18,7,PPTA,4.823963891742939,-0.013257575757575801
2021-08-18,8,IMCR,4.735989861310216,0.16220735785953178
2021-08-18,9,EH,4.602351612440722,0.10959470636889979
2021-08-18,10,CLOV,4.419974609662391,0.05217391304347818
2021-09-01,1,FUTU,8.218304843048166,-0.13419873845872576
2021-09-01,2,ATNF,7.040723362902688,-0.039334341906202774
2021-09-01,3,HUYA,4.733071519826967,-0.1879432624113475
2021-09-01,4,BTG,4.640159531506999,-0.04675324675324677
2021-09-01,5,OII,4.627673413207432,0.04758064516129035
2021-09-01,6,CYH,4.501336279160329,-0.11272141706924321
2021-09-01,7,AXSM,4.218687899457365,0.029592204980151582
2021-09-01,8,PINS,3.995792207928762,-0.04878048780487809
2021-09-01,9,LX,3.8247687367327003,-0.1368124118476728
2021-09-01,10,PBF,3.5744898292441336,0.0381836945304439
2021-09-16,1,BTBT,8.983372271481494,-0.266734279918864
2021-09-16,2,ATNF,6.4045318076782145,-0.14803149606299204
2021-09-16,3,NEGG,5.567792670402662,-0.14958283671036965
2021-09-16,4,KROS,5.407506680708142,0.27079987150658535
2021-09-16,5,BTG,5.3137611500112385,-0.0681198910081744
2021-09-16,6,MNSO,5.274617806032175,0.17411402157164857
2021-09-16,7,CPNG,5.152651532835743,-0.05304318259095542
2021-09-16,8,DRD,4.985829289224133,-0.08793686583990978
2021-09-16,9,PAAS,4.78400713416523,-0.055600649350649345
2021-09-16,10,APLS,4.681267456211389,-0.030588235294117583
2021-09-30,1,PCT,7.735058834598214,0.030873493975903665
2021-09-30,2,MDXG,6.071262652964202,0.07590759075907583
2021-09-30,3,HOOD,6.032790427286611,-0.027328897338403046
2021-09-30,4,PBI,5.5957934155768045,-0.01109570041608876
2021-09-30,5,AVXL,5.570486011547452,-0.006128133704735306
2021-09-30,6,TME,5.461253469696663,0.04275862068965508
2021-09-30,7,APLS,5.3630392236346465,0.07463592233009719
2021-09-30,8,NNOX,5.025787800622734,0.027111111111111086
2021-09-30,9,MRNA,4.701733017778011,-0.13766044795510057
2021-09-30,10,ATNF,4.5606987125009155,-0.01848428835489846
2021-10-14,1,IBRX,7.433639659033936,-0.14509394572025058
2021-10-14,2,APLS,6.412988507583219,-0.10954263128176178
2021-10-14,3,NEGG,6.197472854711608,-0.13699582753824768
2021-10-14,4,CLOV,6.113223449421526,-0.06280788177339891
2021-10-14,5,STKL,5.664495133775903,-0.10083036773428233
2021-10-14,6,TME,5.203195354600136,0.08201058201058209
2021-10-14,7,ARDX,5.1207101753570985,0.03418803418803429
2021-10-14,8,HOOD,5.053875488279733,-0.13339848521866604
2021-10-14,9,LEU,4.88006330737464,0.010783747352204998
2021-10-14,10,KNSA,4.775759547414497,-0.04620749782040112
2021-10-28,1,RGC,12.30644209243571,0.6910792951541849
2021-10-28,2,CAPR,8.58928638663293,-0.08684210526315783
2021-10-28,3,CRON,5.855929595808687,0.07575757575757569
2021-10-28,4,GRPN,5.546239308338513,0.2502287282708142
2021-10-28,5,AFRM,5.294159540013078,-0.06214095991105051
2021-10-28,6,PRLB,5.136546859028062,-0.005286493860845898
2021-10-28,7,EDIT,5.029972927641127,0.001310615989515096
2021-10-28,8,BELFB,4.845663837473235,0.22638297872340418
2021-10-28,9,EVER,4.421029410678187,0.07576840600428891
2021-10-28,10,UAMY,4.414156050321154,-0.0065804664049872175
2021-11-11,1,LFMD,12.859808395441949,-0.1203319502074689
2021-11-11,2,PSFE,9.75656702225421,-0.08254716981132082
2021-11-11,3,ABSI,8.167327568921882,-0.15046296296296302
2021-11-11,4,CIFR,8.075728692225525,-0.08200734394124842
2021-11-11,5,DFH,7.071801214039541,0.024117647058823577
2021-11-11,6,GILT,6.987324768069404,-0.16460396039603964
2021-11-11,7,ROOT,6.956458633105072,-0.2941176470588236
2021-11-11,8,VMEO,5.944378717606587,-0.18886597938144323
2021-11-11,9,IRTC,5.796222117115058,-0.07903392538295273
2021-11-11,10,UFCS,5.515770903012412,-0.016964695093993454
2021-11-26,1,PSFE,4.90167362924951,0.023136246786632286
2021-11-26,2,WYNN,4.88955137280763,0.02205624927062666
2021-11-26,3,EBS,4.611680231635562,-0.09409635828997975
2021-11-26,4,IAS,4.280534909077033,-0.1019974500637485
2021-11-26,5,MRUS,4.274576131197114,0.07358490566037723
2021-11-26,6,WING,4.246855932409862,-0.0227978037717832
2021-11-26,7,ASX,4.006465469064403,0.03328710124826628
2021-11-26,8,APA,3.942150337370606,0.016387195121951414
2021-11-26,9,PRTA,3.8848714746450335,-0.11097548570847315
2021-11-26,10,CCL,3.8299002779234965,0.07409470752089153
2021-12-10,1,NUVL,9.328068443282845,-0.10484622553588074
2021-12-10,2,FIGS,8.985644013329527,0.059634888438133915
2021-12-10,3,VMEO,7.387952459251277,0.007769145394006749
2021-12-10,4,OCUL,6.836650611395515,0.04885496183206106
2021-12-10,5,TAL,6.331681810973436,-0.20948616600790504
2021-12-10,6,AGIO,6.321243419896437,0.1734279918864099
2021-12-10,7,RARE,6.182765697118527,0.07419768934531445
2021-12-10,8,LAC,6.171132742365086,-0.10145789943469208
2021-12-10,9,DOCU,6.036945632557023,0.08333333333333348
2021-12-10,10,NVDA,5.8323556218826145,0.02473673753228689
2021-12-27,1,SMMT,7.125928498386225,-0.014814814814814836
2021-12-27,2,NVAX,6.8161135753832855,-0.14455006337135612
2021-12-27,3,CTMX,6.7662244518610395,-0.07092198581560294
2021-12-27,4,MGNI,6.193903125646676,-0.1477587161040398
2021-12-27,5,ALDX,5.801917657216581,-0.05882352941176472
2021-12-27,6,EDU,5.215915245413971,-0.1280788177339902
2021-12-27,7,DOLE,5.061719362973122,-0.025287356321839094
2021-12-27,8,HUYA,4.996740977344507,0.040723981900452566
2021-12-27,9,STAA,4.767602997999013,-0.16354596424415535
2021-12-27,10,ACB,4.6810076146655195,-0.030303030303030276
2022-01-10,1,SFIX,9.643522078787026,-0.13547334058759508
2022-01-10,2,BMBL,7.752175382353179,-0.1099720410065238
2022-01-10,3,VIPS,7.675160522453925,-0.007874015748031482
2022-01-10,4,VNET,6.767127590308995,-0.09912854030501095
2022-01-10,5,DQ,6.425058504424573,-0.05886811520970181
2022-01-10,6,AEHR,6.289573699809484,-0.22038474519068507
2022-01-10,7,CTMX,5.980407792187401,0.1119592875318065
2022-01-10,8,BKD,5.749192583038091,0.03921568627450989
2022-01-10,9,EXAS,5.49649939726078,-0.07041117979037881
2022-01-10,10,COMM,5.457517279087498,-0.08565737051792821
2022-01-25,1,CAPR,6.245948455207563,0.2383720930232558
2022-01-25,2,AUR,6.23992403540575,0.2024539877300615
2022-01-25,3,ABSI,5.438124024702483,0.21894409937888182
2022-01-25,4,SOFI,5.2528376368326075,-0.04937304075235105
2022-01-25,5,CERT,5.1706828259003705,0.054875641531780595
2022-01-25,6,OFIX,4.999666290827048,0.03319232020826557
2022-01-25,7,PRLB,4.91454044806546,0.08774429967426722
2022-01-25,8,CNK,4.734066830904267,0.04505076142131981
2022-01-25,9,SVM,4.572277014742921,-0.008547008547008517
2022-01-25,10,SIG,4.552371561379156,0.007418042593922092
2022-02-08,1,OLLI,7.708629813182777,-0.1148108108108109
2022-02-08,2,BTBT,6.236949808210108,-0.18793503480278417
2022-02-08,3,LC,6.186304220216494,-0.07071823204419891
2022-02-08,4,S,6.14247422322641,-0.21342870327641894
2022-02-08,5,ITRI,5.860885061131104,-0.08885803540437343
2022-02-08,6,TRVI,5.701025000298522,-0.26092544987146515
2022-02-08,7,HUT,5.479363126140729,-0.2666666666666667
2022-02-08,8,TMC,5.192911677213886,0.13475177304964547
2022-02-08,9,CRNC,5.166795708440921,-0.2216641188032321
2022-02-08,10,MARA,4.815985676405474,-0.2009115077857957
2022-02-23,1,TOI,7.643374854141632,0.4534005037783373
2022-02-23,2,ASAN,6.778320792132015,0.04294871794871802
2022-02-23,3,MASI,6.189269232108187,-0.06018730761673974
2022-02-23,4,MNDY,6.183283780952825,0.14158947614229
2022-02-23,5,KOD,6.046465869857448,-0.15415821501014193
2022-02-23,6,ENVX,5.712491682629249,0.07669382575884076
2022-02-23,7,FSLY,5.448739324749348,-0.11558073654390932
2022-02-23,8,JOBY,5.2588631637551355,0.09131403118040082
2022-02-23,9,INFA,4.982980033250223,-0.09832015810276673
2022-02-23,10,SKYT,4.70502225187632,0.09907120743034059
2022-03-09,1,CLOV,9.428527486738092,0.19108280254777066
2022-03-09,2,WULF,9.211948848293986,0.42538593481989717
2022-03-09,3,CLSK,8.703717563594111,0.11528150134048265
2022-03-09,4,MARA,5.817752420951026,0.139018691588785
2022-03-09,5,AVDX,5.732876757183745,0.08344549125168244
2022-03-09,6,EWTX,5.572763265287419,-0.1682163989856298
2022-03-09,7,ALDX,5.250659785032003,0.09976798143851529
2022-03-09,8,MNDY,5.216786584607474,0.18321287331242342
2022-03-09,9,RKLB,5.121284790585757,-0.007927519818799578
2022-03-09,10,EOSE,4.996603863050682,0.276470588235294
2022-03-23,1,NKTR,8.27683628471906,-0.06969205834683956
2022-03-23,2,RZLT,7.227445798057754,-0.06329113924050633
2022-03-23,3,IVR,6.745668668377449,0.009345794392523477
2022-03-23,4,SY,5.987103828772728,-0.03349282296650713
2022-03-23,5,MARA,5.958488703687192,-0.17316239316239324
2022-03-23,6,NTRA,5.883102817105755,0.08854568854568856
2022-03-23,7,ORIC,5.84213044407689,0.16699029126213571
2022-03-23,8,AUR,5.825397393528552,0.08413001912045881
2022-03-23,9,BEKE,5.433238815573351,0.15509601181683919
2022-03-23,10,SHOP,5.313216284095142,-0.06681448002387746
2022-04-06,1,OXY,8.927587234419258,0.05525846702317283
2022-04-06,2,GENI,8.286191087884706,-0.17130620985010703
2022-04-06,3,NKTR,6.277463266421687,-0.21602787456445993
2022-04-06,4,PHG,5.382439696090397,-0.004577566870622718
2022-04-06,5,MGTX,5.376098151670412,-0.09216255442670529
2022-04-06,6,SEM,5.177380381600091,0.008261049153242439
2022-04-06,7,DNN,5.060176116414329,-0.06211180124223603
2022-04-06,8,AMPL,4.983322485457227,0.08500270709258251
2022-04-06,9,F,4.729501334490056,0.020142949967511203
2022-04-06,10,RIVN,4.555938799106443,-0.15810473815461357
2022-04-21,1,AVAH,6.543209449652586,-0.12302839116719244
2022-04-21,2,OKTA,6.364445643990339,-0.19889025005404626
2022-04-21,3,BCRX,5.570323897537125,0.009287925696594312
2022-04-21,4,AKBA,5.294619103523806,-0.12826453243470937
2022-04-21,5,RERE,5.07162136728632,0.09737827715355807
2022-04-21,6,YSG,4.79469032935874,-0.03436988543371522
2022-04-21,7,ITRI,4.756750872300284,0.04237115502138922
2022-04-21,8,TDUP,4.743158134458632,-0.17181705809641534
2022-04-21,9,AUPH,4.579579632344526,-0.0091324200913242
2022-04-21,10,SWIM,4.571685463597891,-0.07710100231303008
2022-05-05,1,KYMR,7.211183693086836,-0.25624375624375617
2022-05-05,2,GAMB,7.090896253834186,0.006134969325153339
2022-05-05,3,MNDY,6.472882480363067,-0.14410380937926848
2022-05-05,4,APLD,6.045090665293128,-0.083086053412463
2022-05-05,5,TDOC,5.817470112672569,-0.07556179775280913
2022-05-05,6,NRDS,5.754855426524374,0.06082474226804124
2022-05-05,7,AUPH,5.202635576080524,0.07373271889400934
2022-05-05,8,STNE,5.0410616700839785,0.05174353205849269
2022-05-05,9,BMBL,4.92499188764382,0.19292333614153345
2022-05-05,10,RLX,4.92283631033698,0.020618556701030855
2022-05-19,1,KC,9.763981662285298,0.22311827956989227
2022-05-19,2,NU,8.342365369157202,0.03926096997690531
2022-05-19,3,U,8.120434290726399,0.002641056422568955
2022-05-19,4,RIVN,8.047723906772235,0.019587977034785542
2022-05-19,5,IREN,7.124545140976583,-0.19881305637982194
2022-05-19,6,PTGX,6.756687367503388,0.18404118404118397
2022-05-19,7,CTMX,6.478726777011205,0.053254437869822535
2022-05-19,8,HUYA,6.375831287860071,-0.021686746987952032
2022-05-19,9,RCKT,6.360584878220533,0.34434434434434436
2022-05-19,10,TNXP,6.172483964613329,0.11764705882352944
2022-06-03,1,ASAN,11.252073807881388,-0.2247889826743671
2022-06-03,2,CNTA,8.339028696091694,0.5263157894736841
2022-06-03,3,CHWY,8.053144135527019,-0.003472222222222321
2022-06-03,4,ADPT,7.031178187455041,0.05475504322766578
2022-06-03,5,SHOP,7.0245133722773145,-0.10396991460724991
2022-06-03,6,DAVE,6.8859939192029,-0.5025125628140703
2022-06-03,7,SLDB,6.653417102735117,0.012798036465638152
2022-06-03,8,LTBR,6.088180214385749,-0.09742647058823528
2022-06-03,9,AMLX,5.908543583816229,0.4437246963562753
2022-06-03,10,CADL,5.8916163895540254,-0.07957559681697612
2022-06-17,1,RIGL,8.622148781683721,0.23636363636363633
2022-06-17,2,SNAP,7.918766398399653,0.15780998389694045
2022-06-17,3,RYTM,7.471328052085312,0.11675126903553301
2022-06-17,4,EDIT,6.786423587844839,0.2887511071744908
2022-06-17,5,TNK,6.745761950667128,-0.05846325167037869
2022-06-17,6,TRMD,6.431006892567002,-0.020689655172413945
2022-06-17,7,ALLT,6.400642185339605,-0.019305019305019266
2022-06-17,8,CPS,6.046535728217761,0.11060948081264121
2022-06-17,9,FLNC,5.932947056142306,-0.006479481641468721
2022-06-17,10,DAWN,5.456496393774792,0.22292590246991772
2022-07-05,1,CVNA,9.377641308568897,-0.1715010877447425
2022-07-05,2,TGEN,7.69859803607373,0.034482758620689724
2022-07-05,3,CDTX,7.214607193253768,0.48004201680672276
2022-07-05,4,PRAX,7.098400555190944,0.3384615384615386
2022-07-05,5,GRAB,6.827688829238909,0.040590405904058935
2022-07-05,6,MFH,6.3960193414923925,0.2971912280701756
2022-07-05,7,STNG,6.2321569502253515,0.16068167985392567
2022-07-05,8,IOT,5.85594188077064,0.08738601823708203
2022-07-05,9,ARRY,5.785002406164609,0.022421524663677195
2022-07-05,10,UPST,5.670362089134755,-0.2021996615905246
2022-07-19,1,PGY,14.29569768061176,10.092592592592592
2022-07-19,2,ASPN,5.821835148553015,0.363551401869159
2022-07-19,3,SNAP,5.6996256891394035,-0.30247349823321557
2022-07-19,4,UROY,5.604259302982469,0.22222222222222232
2022-07-19,5,APLD,5.573436347040328,0.1132075471698113
2022-07-19,6,UAMY,4.660915235801471,0.20107581967213095
2022-07-19,7,SKE,4.658978141976534,0.17409766454352438
2022-07-19,8,DAWN,4.656888150979692,-0.09545923632610931
2022-07-19,9,PTON,4.572070745597085,0.1404255319148937
2022-07-19,10,AVDL,4.386223130905925,-0.03232323232323231
2022-08-02,1,WULF,11.307395897206515,0.08965517241379328
2022-08-02,2,DAVE,6.931761585956509,-0.056060606060606144
2022-08-02,3,CYH,6.834121850209961,0.16140350877192988
2022-08-02,4,PHAT,6.786714006370402,0.7879256965944275
2022-08-02,5,HIPO,6.538320054261924,0.11905604719764007
2022-08-02,6,ANF,6.181933335422281,0.2317351598173516
2022-08-02,7,LIND,6.020039818973595,0.4150485436893203
2022-08-02,8,ALT,5.477372419660361,0.4276475343573163
2022-08-02,9,FULC,5.383074454453668,0.23809523809523814
2022-08-02,10,TDUP,5.3795980173301885,0.4493927125506072
2022-08-16,1,INTR,6.337404124377161,0.06901041666666674
2022-08-16,2,MQ,6.159839201977226,-0.06951219512195117
2022-08-16,3,OLO,5.1673330086268,-0.03936039360393617
2022-08-16,4,WULF,5.133073325028643,-0.08860759493670889
2022-08-16,5,DAVE,5.064150400261315,-0.1971107544141253
2022-08-16,6,MFH,4.96810855848498,0.20724346076458766
2022-08-16,7,OPRX,4.745995033892032,-0.0006329113924051777
2022-08-16,8,TBLA,4.650732940560707,-0.10526315789473695
2022-08-16,9,BEAM,4.534356484172999,-0.14443045940843302
2022-08-16,10,RDW,4.493306235081688,-0.1936416184971098
2022-08-30,1,DOMO,7.367671828416336,0.056185312962050205
2022-08-30,2,NVAX,5.46426983461095,-0.075809199318569
2022-08-30,3,PDS,4.696270084339775,0.015860428231562196
2022-08-30,4,BVN,4.113007533090768,0.16058394160583944
2022-08-30,5,PTEN,4.046893168022711,0.04462474645030423
2022-08-30,6,CLB,4.038475607761935,0.1244635193133048
2022-08-30,7,TOI,4.032784883688623,-0.197749196141479
2022-08-30,8,ASIX,3.9351814657718522,-0.05326413548210884
2022-08-30,9,IDT,3.9075441572414427,-0.030279503105590133
2022-08-30,10,MRCY,3.7302394605653983,-0.013067828251400182
2022-09-14,1,SATL,8.346655796830888,0.013698630136986356
2022-09-14,2,VRDN,8.264778355214814,-0.10521739130434793
2022-09-14,3,AQST,6.894840053009386,-0.12121212121212133
2022-09-14,4,SHLS,6.579352187910725,-0.15859897678079504
2022-09-14,5,GSHD,6.2555493296612,-0.04403335070349157
2022-09-14,6,AMC,6.075241672290118,-0.22603430877901098
2022-09-14,7,KALV,5.64863210530833,-0.01791639017916391
2022-09-14,8,MCVT,5.314901013824794,-0.06761565836298933
2022-09-14,9,DJCO,5.226496246449909,-0.010712924132672552
2022-09-14,10,HRTG,4.6054196084544605,-0.10820895522388063
2022-09-28,1,SHC,7.037754080958803,-0.07142857142857151
2022-09-28,2,MATV,6.258944026040159,-0.04502973661852161
2022-09-28,3,RGTI,6.107593643300689,0.010695187165775222
2022-09-28,4,OLO,5.749204394173273,0.004962779156327368
2022-09-28,5,CF,5.334763567302067,0.02335096297774686
2022-09-28,6,JAMF,5.151741200181619,-0.10608695652173916
2022-09-28,7,UPST,5.067325462914235,0.09924343569203375
2022-09-28,8,YMAB,4.933258117591676,-0.05835010060362178
2022-09-28,9,ETON,4.756039557437765,-0.02314814814814825
2022-09-28,10,TAL,4.586100822191967,-0.21616161616161622
2022-10-12,1,OMI,9.308711019104221,0.13973509933774841
2022-10-12,2,KC,7.8883689719454555,0.28436018957345977
2022-10-12,3,KALV,7.761438703563095,0.03752759381898452
2022-10-12,4,NUTX,7.5799298945692275,0.4516245487364621
2022-10-12,5,SHC,6.664699671164819,0.03994082840236701
2022-10-12,6,TWLO,6.03186905866311,0.10486390004462298
2022-10-12,7,SE,5.925265282929503,-0.11732914923291482
2022-10-12,8,RVMD,5.828824144310843,0.05882352941176472
2022-10-12,9,RYTM,5.460405193992316,0.04974489795918369
2022-10-12,10,ANGI,5.423663365921608,-0.19850187265917607
2022-10-26,1,MCVT,8.221140327893053,-0.19690265486725655
2022-10-26,2,BHVN,7.554749801402911,0.08302718589272606
2022-10-26,3,CIFR,7.32279950392597,-0.3507627118644068
2022-10-26,4,JMIA,7.033239569342974,-0.3075471698113208
2022-10-26,5,NGVC,5.700594472392284,0.05962059620596216
2022-10-26,6,THC,5.636898862606947,-0.09945920526687058
2022-10-26,7,BILI,5.451863415981865,-0.029580152671755733
2022-10-26,8,TSHA,5.4309605042550455,-0.1250000000000001
2022-10-26,9,RKT,5.2673523834224465,0.01718749999999991
2022-10-26,10,TAL,4.977168212506185,0.19950124688279303
2022-11-09,1,NUTX,12.388956765297992,0.3696826023969446
2022-11-09,2,DKNG,8.308870527609157,0.31560891938250424
2022-11-09,3,BLFS,8.22900499334925,0.24566473988439297
2022-11-09,4,CIFR,8.227055243044672,0.06878997519906016
2022-11-09,5,LEU,7.847475006420963,0.22614040763506948
2022-11-09,6,EH,7.5104771713762855,0.25619834710743805
2022-11-09,7,GRPN,7.218779840510487,-0.02280912364945975
2022-11-09,8,TLS,7.097710954348721,0.13372093023255816
2022-11-09,9,ACMR,6.932879583023634,0.020000000000000018
2022-11-09,10,IAC,6.350852064980151,0.09368589012992934
2022-11-23,1,WULF,9.863848187319775,0.11063187405650199
2022-11-23,2,SFIX,9.320327447306306,-0.009975062344139585
2022-11-23,3,GCT,7.00455271801831,0.18213058419243988
2022-11-23,4,KALV,6.722315713822692,0.030131826741996326
2022-11-23,5,SHC,6.521401225028174,0.037575757575757596
2022-11-23,6,DAVE,6.421804942076054,-0.04333516182117381
2022-11-23,7,GDS,6.215477311169066,0.75
2022-11-23,8,CYH,5.182918764815526,0.05899705014749257
2022-11-23,9,GTLB,4.836289793110383,0.19440946864769582
2022-11-23,10,KC,4.649008760933587,0.11594202898550732
2022-12-08,1,DAKT,8.171596752776392,0.6057142857142856
2022-12-08,2,CADL,6.585746586942642,-0.08947368421052626
2022-12-08,3,GTLB,5.860875949650447,-0.0328905755850728
2022-12-08,4,STOK,5.228843417329706,0.10182767624020883
2022-12-08,5,GHRS,5.069007917351476,-0.1539838854073412
2022-12-08,6,NUVL,4.9530055607241215,-0.07572877059569061
2022-12-08,7,BNED,4.450374429198782,0.13103448275862073
2022-12-08,8,BKD,4.250585649279447,-0.08999999999999997
2022-12-08,9,NET,4.164582294697413,-0.07886178861788617
2022-12-08,10,FDMT,4.033200744622754,-0.13604887983706715
2022-12-22,1,CORZ,7.467194383909659,34.714285714285715
2022-12-22,2,AMPX,7.0894074835643,-0.13380281690140838
2022-12-22,3,FDMT,6.842790810275079,-0.017916077322018054
2022-12-22,4,SWIM,6.215599715029725,0.07619047619047636
2022-12-22,5,AQST,5.962101797883767,0.018508378052787267
2022-12-22,6,GIII,5.324881087784162,0.15212355212355222
2022-12-22,7,OMER,5.00270272446475,0.1254901960784316
2022-12-22,8,ATNF,4.964789215376019,2.10126582278481
2022-12-22,9,TSLA,4.909596022940636,-0.04451535700039888
2022-12-22,10,VICR,4.8757506269679665,0.08851583365127813
2023-01-09,1,PHAT,9.920917263735618,0.2355212355212355
2023-01-09,2,SOUN,9.00668400387905,0.3980582524271843
2023-01-09,3,HUT,7.672893372418107,0.8504672897196264
2023-01-09,4,HIVE,7.2994080521873554,0.5781990521327016
2023-01-09,5,SATL,7.033617499652413,-0.08333333333333337
2023-01-09,6,MNSO,5.708787720203826,0.16279069767441867
2023-01-09,7,BKD,5.471571557231112,-0.04482758620689653
2023-01-09,8,SI,5.397560611003312,0.23549783549783543
2023-01-09,9,ACI,5.185031484010598,0.01338432122370925
2023-01-09,10,TGEN,4.9903608077143575,-0.15748031496062986
2023-01-24,1,EXOD,12.553212180977274,0.20401337792642127
2023-01-24,2,AFRM,8.24381810161831,0.20181564245810057
2023-01-24,3,PGY,7.14057011222079,0.12376237623762387
2023-01-24,4,BMNR,7.01344055194888,0.9607843137254903
2023-01-24,5,PSIX,6.817785486520429,0.0
2023-01-24,6,DOMO,6.443701204827074,0.22290545734050737
2023-01-24,7,ORIC,6.277152818996237,-0.08045977011494254
2023-01-24,8,HNST,5.977478682894888,0.18450184501845013
2023-01-24,9,ARQQ,5.834246766200139,0.14937759336099576
2023-01-24,10,AG,4.633226348309466,-0.05465838509316778
2023-02-07,1,SMLR,6.042593482104316,-0.05889939810834055
2023-02-07,2,AMPX,5.608380186148183,-0.0015999999999999348
2023-02-07,3,GME,5.23481961714394,-0.032987747408105506
2023-02-07,4,WULF,4.870478835839113,-0.01174785100286535
2023-02-07,5,AUTL,4.869602157536496,-0.03500000000000003
2023-02-07,6,SHC,4.7182845071182,-0.031024930747922563
2023-02-07,7,SY,3.896587052735616,0.12396694214876036
2023-02-07,8,INTR,3.7118714192581823,-0.048458149779735615
2023-02-07,9,GRPN,3.679198481920449,-0.08646616541353391
2023-02-07,10,CRON,3.646057131429397,-0.11428571428571432
2023-02-22,1,CRDO,7.296382101011728,0.006054490413723634
2023-02-22,2,IMNM,5.2717690481989194,-0.15728155339805838
2023-02-22,3,RUM,4.47772639453139,0.0125391849529779
2023-02-22,4,HP,4.473503551559796,0.049091801669121304
2023-02-22,5,RES,3.8323218720843037,0.07925407925407923
2023-02-22,6,HBI,3.7116377790191515,0.020446096654275214
2023-02-22,7,SY,3.642416529403666,-0.0845588235294118
2023-02-22,8,ADPT,3.617832219368365,0.00679501698754259
2023-02-22,9,VCYT,3.6087617779654346,-0.005439330543932974
2023-02-22,10,CDTX,3.4856376484257874,0.012578616352201255
2023-03-08,1,WULF,7.257324045545525,0.09428359317000745
2023-03-08,2,DOMO,6.942891924241952,-0.12556053811659207
2023-03-08,3,HOV,6.540021116034785,-0.08549661399548536
2023-03-08,4,PRAX,5.765968726466787,-0.07692307692307687
2023-03-08,5,BAND,5.650095950913521,-0.03934010152284262
2023-03-08,6,SMMT,5.492952551783013,0.09868421052631571
2023-03-08,7,GCT,5.453783582077799,0.028282828282828243
2023-03-08,8,ATNF,5.183128043343,-0.2727272727272727
2023-03-08,9,BAM,5.176238286560319,-0.06896551724137934
2023-03-08,10,EYE,4.876371392843431,-0.2464020933275185
2023-03-22,1,DBD,7.07548591815021,0.22331494363156645
2023-03-22,2,AVAH,6.387118032112994,0.004419445560466029
2023-03-22,3,JMIA,6.296993427601379,-0.04140127388535042
2023-03-22,4,CMA,6.050626327927111,-0.1033243486073675
2023-03-22,5,SBSW,5.984795738512844,-0.017564402810304247
2023-03-22,6,AVDL,5.934892826570038,-0.020785219399538035
2023-03-22,7,BLND,5.507600712259167,-0.01670513243213534
2023-03-22,8,TLS,4.9440307575314,0.021929824561403688
2023-03-22,9,MAX,4.927894433434684,0.02928571428571436
2023-03-22,10,XMTR,4.882210870039011,-0.07826086956521738
2023-04-05,1,QBTS,14.935659350754014,-0.15678378003055127
2023-04-05,2,JMIA,10.061314291455414,-0.01661129568106301
2023-04-05,3,PGY,9.633172036870581,-0.04428571428571426
2023-04-05,4,DLO,8.06017986959772,0.08486789431545239
2023-04-05,5,CR,7.902249654495755,-0.006045793671211719
2023-04-05,6,ABSI,7.4198750042879364,0.017964071856287456
2023-04-05,7,MHK,6.293789271647907,0.03728234163016775
2023-04-05,8,SLDP,6.057132679359797,-0.1460674157303371
2023-04-05,9,APEI,6.0305037929519685,0.16515426497277685
2023-04-05,10,RGTI,5.4936537028180386,-0.128384130767921
2023-04-20,1,CADL,13.076695378009422,0.2056737588652482
2023-04-20,2,TBLA,8.338213069678819,-0.08786610878661083
2023-04-20,3,RLAY,6.718608740151838,-0.10024057738572578
2023-04-20,4,CDNA,5.784186572166522,-0.002317497103128785
2023-04-20,5,CR,5.3472650515411235,-0.1138863724602045
2023-04-20,6,EVER,5.1048495243497936,-0.2102628285356697
2023-04-20,7,AOSL,5.088236558259287,-0.05920257752718483
2023-04-20,8,ANGO,5.0003159325340585,-0.04180790960451963
2023-04-20,9,UROY,4.9377990253566,-0.031088082901554293
2023-04-20,10,ACB,4.778146127009037,-0.0016366612111293755
2023-05-04,1,FHN,10.605806090809025,0.09244532803180916
2023-05-04,2,TSSI,6.7120438676638035,0.4666666666666668
2023-05-04,3,MCB,6.094121398334276,0.2789526686807653
2023-05-04,4,LNC,5.763867930250281,0.10645994832041339
2023-05-04,5,QNST,5.31357977305548,0.01104009296920383
2023-05-04,6,EXPE,4.75873129033764,0.10205225972860821
2023-05-04,7,CIM,4.607266379290599,-0.01775147928994092
2023-05-04,8,LUNR,4.323280827953787,0.06301369863013706
2023-05-04,9,OUT,4.315178096416731,-0.027245601954986598
2023-05-04,10,MSGE,4.241178304272706,0.06327985739750464
2023-05-18,1,QBTS,10.027629553709277,1.5081967213114753
2023-05-18,2,MSGE,10.022328862675055,0.12014529198100043
2023-05-18,3,OUST,8.737882256917985,0.23888888888888893
2023-05-18,4,LRMR,8.261648285385322,0.007957559681697646
2023-05-18,5,TSHA,7.6705641303359515,0.12857142857142878
2023-05-18,6,ARQQ,7.630358370693016,0.7196669851235158
2023-05-18,7,CDNA,7.238125841839038,0.06833114323258882
2023-05-18,8,VNET,6.8240723288885725,0.05128205128205132
2023-05-18,9,ONDS,5.31485732538256,-0.05860215053763451
2023-05-18,10,AXL,4.869385242283536,0.03693181818181812
2023-06-02,1,FFWM,5.392466992084682,0.07947019867549665
2023-06-02,2,TNXP,5.330715064386359,-0.015957446808510634
2023-06-02,3,NWL,5.2836997234407495,-0.030751708428245927
2023-06-02,4,HRMY,5.1430666161672205,0.03069053708439906
2023-06-02,5,TNGX,4.405348072691999,0.10031347962382431
2023-06-02,6,S,4.23703534446544,0.19717261904761907
2023-06-02,7,GHM,4.017227797312451,0.16461267605633823
2023-06-02,8,AKBA,3.8374590129348802,0.009090909090909038
2023-06-02,9,PRAA,3.7255218349658685,0.0995260663507107
2023-06-02,10,RDW,3.639266127845274,0.13709677419354827
2023-06-16,1,MKTX,7.161530163957249,-0.054122316435143425
2023-06-16,2,CIFR,6.456164708034712,0.05573770491803298
2023-06-16,3,NWL,5.936724726392287,0.05405405405405417
2023-06-16,4,GCO,5.818639338931434,0.14310270734851738
2023-06-16,5,AIRS,5.605210222827025,0.10432569974554706
2023-06-16,6,EBS,5.563914799718505,-0.10095011876484561
2023-06-16,7,AMCX,5.539669783408612,0.04003481288076571
2023-06-16,8,ANAB,5.123028418462038,0.0464
2023-06-16,9,APLD,4.793508773658565,0.10726256983240234
2023-06-16,10,ALT,4.537587333047892,-0.13749999999999996
2023-07-03,1,CRMD,8.710482571306505,-0.017948717948717885
2023-07-03,2,XPOF,5.430967607271555,0.1834285714285715
2023-07-03,3,CFLT,5.176178952294369,0.10397196261682229
2023-07-03,4,ALMU,4.963797667239744,0.3448275862068966
2023-07-03,5,PCT,4.781837451262694,0.0
2023-07-03,6,BABA,4.32638010996113,0.08481027714999412
2023-07-03,7,SE,4.265123943747971,0.06442674056113606
2023-07-03,8,FL,4.196310126177756,-0.02218879277924035
2023-07-03,9,SSTK,3.9569837641226964,0.15100806451612914
2023-07-03,10,CSTL,3.922489071775956,0.24206642066420647
2023-07-18,1,SBLK,6.872636948412104,0.04147196261682229
2023-07-18,2,KC,6.308167076824196,0.06240126382306466
2023-07-18,3,BCRX,5.5584539972377955,-0.02789400278940035
2023-07-18,4,AI,5.4243406868509565,0.09258803250430914
2023-07-18,5,TDUP,5.355850178451168,0.35199999999999987
2023-07-18,6,RLX,5.014946729089007,0.06369426751592355
2023-07-18,7,LRMR,4.75053565289757,0.2600619195046441
2023-07-18,8,BTDR,4.713211603227407,-0.2099147947327653
2023-07-18,9,XPOF,4.665818830324466,0.028971511347175127
2023-07-18,10,APLS,4.605081058488548,-0.3945000000000001
2023-08-01,1,VIR,8.636583149025332,-0.0772471910112359
2023-08-01,2,TGTX,6.6890023432022465,0.09914204003813154
2023-08-01,3,NKTR,6.4690970085509605,0.5545524394928927
2023-08-01,4,CLPT,6.208250118030785,-0.13169319826338644
2023-08-01,5,TNXP,5.631133556682214,-0.06961165048543694
2023-08-01,6,NUTX,5.105515487220985,-0.1370685342671335
2023-08-01,7,IRTC,4.9235645586654835,0.09908521906596057
2023-08-01,8,EBS,4.827620798327743,-0.34386852085967123
2023-08-01,9,BTBT,4.347182268307051,-0.2596810933940774
2023-08-01,10,PCRX,4.150297425457066,0.036388888888889026
2023-08-15,1,LUMN,13.391093567838707,-0.07100591715976323
2023-08-15,2,SE,9.203507277213948,-0.07442089699359278
2023-08-15,3,ALDX,7.332043441008772,-0.03180661577608146
2023-08-15,4,INOD,6.586301595952333,0.11570881226053631
2023-08-15,5,UPXI,5.963318098960451,-0.011627906976744096
2023-08-15,6,TOI,5.865999662415571,-0.009093028678013537
2023-08-15,7,MGNI,5.712174611435328,-0.052816901408450634
2023-08-15,8,AMCX,5.632852358136715,-0.037735849056603654
2023-08-15,9,BBIO,5.310384872410898,0.001969796454366346
2023-08-15,10,EAT,5.249127626701361,-0.10613142700027489
2023-08-29,1,BMNR,8.451903871656715,0.37061855670103094
2023-08-29,2,NVCR,7.792738340074469,-0.015308641975308568
2023-08-29,3,BLFS,5.979368351912949,0.10488958990536279
2023-08-29,4,APLS,5.9186855263565255,0.04575645756457569
2023-08-29,5,PUBM,5.709378673198194,-0.046247156937073486
2023-08-29,6,COIN,5.530073393923245,-0.05714285714285716
2023-08-29,7,FL,5.3849133501563005,-0.05185589519650646
2023-08-29,8,NSSC,5.03207490127578,-0.021632653061224527
2023-08-29,9,TDS,4.568856596001578,-0.11274014155712841
2023-08-29,10,CFLT,4.31513272998689,0.02945688861613971
2023-09-13,1,OFIX,10.158131230552936,-0.04469696969696968
2023-09-13,2,IBRX,9.188344374663663,-0.027439024390243816
2023-09-13,3,NSSC,6.555328950443232,-0.07759699624530658
2023-09-13,4,COHR,6.321986937388193,-0.022921760391198087
2023-09-13,5,EVEX,5.9690960532517,0.03379224030037542
2023-09-13,6,DBD,5.909367284503501,0.013919821826280598
2023-09-13,7,NTLA,4.914875881157151,-0.09605633802816893
2023-09-13,8,BMBL,4.765618779854093,-0.05682560418027438
2023-09-13,9,AFRM,4.680169553202761,-0.1323340471092077
2023-09-13,10,HIMS,4.385428395218103,-0.022012578616352307
2023-09-27,1,TERN,6.739163605961954,0.12083333333333335
2023-09-27,2,MFH,6.578009196901294,-0.31999999999999995
2023-09-27,3,TVTX,6.116078613987405,-0.12471131639722866
2023-09-27,4,UNFI,6.034436070922908,0.03880190605854317
2023-09-27,5,KOD,5.779767135078351,-0.08673469387755095
2023-09-27,6,EXOD,5.221643690309605,0.0040000000000000036
2023-09-27,7,SVM,4.882929880015828,-0.012820512820512775
2023-09-27,8,GHRS,4.839973859352681,-0.18027888446215123
2023-09-27,9,SPRY,4.747452414572332,0.09203296703296693
2023-09-27,10,BHVN,4.556911470093021,0.1772205694857627
2023-10-11,1,QBTS,8.005258547674508,-0.30658646003262635
2023-10-11,2,BTBT,6.6409439310341805,0.10000000000000009
2023-10-11,3,ETNB,6.598895291287285,-0.17529411764705882
2023-10-11,4,BBAI,6.59623710462592,-0.08571428571428563
2023-10-11,5,PFS,6.54467405658948,-0.0947093403004573
2023-10-11,6,PRCH,6.143024258760179,-0.23431144683323646
2023-10-11,7,EFXT,5.811573045866463,-0.05145413870246074
2023-10-11,8,SPRY,5.729936926785339,-0.12452830188679243
2023-10-11,9,NSSC,5.714816558233572,-0.05151661049590761
2023-10-11,10,CAVA,5.366136221555801,-0.011059907834101379
2023-10-25,1,SLNO,6.303620184032467,-0.08625000000000005
2023-10-25,2,BKU,5.214310024786263,0.09316479400749067
2023-10-25,3,TDOC,4.916207002202585,-0.06950028719126944
2023-10-25,4,EL,4.6892233354987995,-0.13340765514678565
2023-10-25,5,FUBO,4.496155565658563,0.19166666666666665
2023-10-25,6,FRME,4.456066075856296,0.10011376564277596
2023-10-25,7,MESO,4.348276105223099,0.05691056910569103
2023-10-25,8,TDW,4.309789271125716,-0.1383301982346984
2023-10-25,9,U,4.309328686633487,0.01440249124172821
2023-10-25,10,BHVN,4.282292878466271,0.07884267631103081
2023-11-08,1,OLO,7.800993533080222,0.10173160173160167
2023-11-08,2,SLNO,7.709434055927224,0.27678978568171453
2023-11-08,3,TDUP,7.178971429451016,-0.033175355450236865
2023-11-08,4,UPST,6.8038982691984495,0.09822263797941999
2023-11-08,5,CLOV,6.612484094544666,0.10344827586206895
2023-11-08,6,GRND,6.392925853776513,0.15358361774744012
2023-11-08,7,FLYW,6.381510989346521,0.120889748549323
2023-11-08,8,CLFD,5.599620454876901,0.12235586893405226
2023-11-08,9,EOSE,5.531546935140688,-0.17829457364341084
2023-11-08,10,AMPX,5.50910009320487,0.3246753246753247
2023-11-22,1,BTDR,15.279826762739571,0.40389294403892917
2023-11-22,2,PGY,10.921108294677078,-0.14893617021276606
2023-11-22,3,NVCR,10.79631984752239,0.08053691275167796
2023-11-22,4,CVNA,10.298175316689226,0.2089314194577352
2023-11-22,5,DCTH,9.612901818757168,-0.00692041522491349
2023-11-22,6,EYPT,8.278459718732746,2.53
2023-11-22,7,TDUP,8.08085917984481,0.12745098039215685
2023-11-22,8,MVST,7.6745052711618715,0.1686143572621035
2023-11-22,9,ULCC,7.584926460710546,0.23333333333333317
2023-11-22,10,EBS,7.4273851762726535,0.1578947368421053
2023-12-07,1,NEON,7.199651084049337,0.2576687116564418
2023-12-07,2,CXM,7.103484696536684,0.07740774077407742
2023-12-07,3,BMNR,6.863708657730245,0.0714285714285714
2023-12-07,4,GDOT,6.355936650676732,0.089227421109902
2023-12-07,5,TDUP,5.93625792480757,0.034782608695652195
2023-12-07,6,REPL,5.129682682328667,0.013157894736842257
2023-12-07,7,CPS,5.1234808641387595,0.056024096385542066
2023-12-07,8,FLNC,5.08719753474038,0.13381884387801546
2023-12-07,9,PGY,5.083474507724219,0.29166666666666674
2023-12-07,10,BAND,4.966728918362092,0.17102966841186729
2023-12-21,1,TNXP,8.944829267172977,-0.06529752501316477
2023-12-21,2,CVAC,7.869186706855264,0.036674816625916984
2023-12-21,3,ATUS,7.4539173339572535,0.18796992481203012
2023-12-21,4,CHPT,7.371385947592758,-0.08606557377049173
2023-12-21,5,BNED,7.201073325608285,0.6666666666666667
2023-12-21,6,RGTI,6.550783699077676,0.11764705882352922
2023-12-21,7,MNR,6.39262632369798,0.10590631364562109
2023-12-21,8,EVTL,6.285331158101066,-0.15859881395669562
2023-12-21,9,JD,6.065028689627671,-0.07219442458899217
2023-12-21,10,DNTH,5.857815736828185,0.5165714285714285
2024-01-08,1,ARQQ,6.535593685240365,0.06976744186046502
2024-01-08,2,GRRR,6.492269566237278,-0.12701754385964914
2024-01-08,3,QSG,6.142765832397239,0.2649999999999999
2024-01-08,4,LFMD,5.356387999285639,0.05660377358490565
2024-01-08,5,RGC,5.030310299965388,-0.18847352024922104
2024-01-08,6,CRK,4.825243302020494,-0.09988776655443332
2024-01-08,7,CYD,4.697523520775514,0.047272727272727355
2024-01-08,8,GPCR,4.631968546042532,-0.06819716407832543
2024-01-08,9,HSAI,4.193159190510917,-0.141388174807198
2024-01-08,10,LTBR,3.9568148814700366,-0.0703812316715543
2024-01-23,1,ASTS,5.546578249759231,-0.07692307692307698
2024-01-23,2,STOK,4.687697099650585,-0.04462474645030423
2024-01-23,3,ETON,4.449565049667724,0.055928411633109576
2024-01-23,4,IREN,4.245359835840547,-0.07469879518072298
2024-01-23,5,TSSI,4.108549927599064,0.02475806451612894
2024-01-23,6,COCO,3.6574455641504175,-0.06723891273247495
2024-01-23,7,QFIN,3.551038326564189,0.018404907975460016
2024-01-23,8,XPEV,3.415517451353187,-0.0956790123456791
2024-01-23,9,IBRX,3.3396858109643115,0.25595238095238093
2024-01-23,10,GOOS,3.2642750124049678,-0.001640689089417502
2024-02-06,1,SLDB,7.124403810506144,0.351278600269179
2024-02-06,2,CORZ,5.909870301394629,-0.00917431192660545
2024-02-06,3,GPCR,5.4046503444824925,-0.11135181975736552
2024-02-06,4,CVNA,5.37258645849915,0.025108943764266423
2024-02-06,5,GRRR,5.282075651922101,-0.18672897196261673
2024-02-06,6,IREN,5.2353066915997415,0.7291666666666667
2024-02-06,7,DYN,4.942663335180024,0.027803099361896066
2024-02-06,8,GDS,4.81735874881244,0.13210702341137104
2024-02-06,9,EXPI,4.547156043182919,-0.10806451612903223
2024-02-06,10,JKS,4.459997116831831,0.0244587008821171
2024-02-21,1,TRUP,9.678616790016667,0.1750316322226908
2024-02-21,2,AMPX,8.667257448059612,-0.26287262872628725
2024-02-21,3,ATNF,7.172618960050769,0.017965719316587414
2024-02-21,4,FNV,5.910860314702729,0.021167474822827437
2024-02-21,5,DQ,5.559150814797803,0.31351351351351364
2024-02-21,6,CORZ,5.37228520316709,0.18518518518518512
2024-02-21,7,CALX,5.3689018224083584,0.10411120970127175
2024-02-21,8,BROS,5.141964799512908,0.11168639053254448
2024-02-21,9,CYH,5.0756617567890805,-0.037931034482758585
2024-02-21,10,FLGT,4.79279612649647,-0.046160130718954195
2024-03-06,1,ATNF,7.632973920647529,-0.10540540540540544
2024-03-06,2,XMTR,7.227490786358986,0.02766798418972316
2024-03-06,3,FL,7.099564186961437,-0.025577557755775526
2024-03-06,4,WULF,6.8390914278173645,0.2459893048128341
2024-03-06,5,FDMT,6.779965111203523,0.18542108987968864
2024-03-06,6,HSAI,6.75625575032019,-0.06959706959706957
2024-03-06,7,SEZL,6.0403417824623835,0.16051048943498514
2024-03-06,8,CHPT,5.835321519103958,-0.051813471502590636
2024-03-06,9,ONDS,5.703690288774617,-0.18399999999999994
2024-03-06,10,COMM,5.367125916447978,0.28181818181818175
2024-03-20,1,MVST,7.590342500315652,-0.24318773106942349
2024-03-20,2,GPRE,6.370481311216606,0.06946983546617913
2024-03-20,3,SY,6.02390717099577,0.10476190476190461
2024-03-20,4,ABAT,5.950836683630138,-0.16097560975609748
2024-03-20,5,JKS,5.630720111728689,-0.04297188755020087
2024-03-20,6,EXOD,5.183914553126138,1.4
2024-03-20,7,CIO,5.177089715416287,0.07852193995381063
2024-03-20,8,DAVA,4.971356063274863,-0.1050322580645161
2024-03-20,9,BTBT,4.83479072532901,-0.04743083003952553
2024-03-20,10,RUN,4.296970129650142,0.05574912891986061
2024-04-04,1,TNXP,9.758172231378873,-0.15997859818084548
2024-04-04,2,IRON,7.859124253848952,0.01762711864406774
2024-04-04,3,EXTR,7.677118307310262,-0.022341376228775744
2024-04-04,4,RGC,7.449730209106713,0.7313585291113383
2024-04-04,5,ABAT,7.124649723151193,-0.20930232558139528
2024-04-04,6,NRIX,6.6014231563000045,0.03586800573888094
2024-04-04,7,MVST,6.560533931025925,-0.10855798805862127
2024-04-04,8,DYN,5.144554360557838,-0.1058601134215501
2024-04-04,9,QS,5.1350035570577495,-0.07627118644067798
2024-04-04,10,CHPT,4.970694054146534,-0.24175824175824168
2024-04-18,1,AUPH,9.077274967613409,0.07484407484407485
2024-04-18,2,ONDS,9.059867088691615,-0.10354838709677427
2024-04-18,3,BNED,8.772322176112267,-0.08513341804320196
2024-04-18,4,AQST,7.954085539953643,-0.2711111111111112
2024-04-18,5,CC,7.92743786600851,-0.012462235649546849
2024-04-18,6,COGT,7.37456240950925,0.10287443267776086
2024-04-18,7,BYRN,6.863832832774604,0.05490196078431375
2024-04-18,8,TGEN,6.47927388098712,0.19023098425776097
2024-04-18,9,BTDR,6.4117035401941775,-0.008787346221441283
2024-04-18,10,POET,5.41823142286234,1.3638539796529026
2024-05-02,1,WW,10.430143577903875,-0.005291005291005346
2024-05-02,2,COMM,7.129022916605091,0.12380952380952381
2024-05-02,3,XPEL,5.405456420947106,0.027997565429093152
2024-05-02,4,EBS,5.078127028163287,0.5969696969696969
2024-05-02,5,GL,5.058018354771418,0.05877901109989914
2024-05-02,6,MFH,4.887518937282287,0.06785714285714306
2024-05-02,7,UDMY,4.691063675002738,0.0
2024-05-02,8,CC,4.442857285418814,0.10401529636711282
2024-05-02,9,MATW,4.42392629085993,0.09513274336283173
2024-05-02,10,CHTR,4.087899217986515,0.05931297709923666
2024-05-16,1,OCUL,14.35901611355439,-0.09090909090909083
2024-05-16,2,BBAI,9.618655720522469,-0.03846153846153855
2024-05-16,3,DOCS,6.103230871607561,0.16807076663858478
2024-05-16,4,XPEL,6.079760074247583,0.12492599171107166
2024-05-16,5,ATNF,5.984564083297507,-0.018181818181818077
2024-05-16,6,ARVN,5.239562430313506,0.032077234506384444
2024-05-16,7,TNXP,5.188704159140646,-0.10297356828193838
2024-05-16,8,EVLV,5.0933545890765775,0.04379562043795615
2024-05-16,9,COMM,4.965607984756255,0.22033898305084754
2024-05-16,10,MFH,4.880688806099243,-0.0033444816053512794
2024-05-31,1,PATH,6.416527403282674,-0.0587275693311583
2024-05-31,2,GRRR,5.330601903397048,-0.4908180300500835
2024-05-31,3,AEHR,5.328536292603034,0.14769765421372738
2024-05-31,4,OCUL,5.249347256819035,0.00877192982456143
2024-05-31,5,ABEO,5.239389814752185,0.04337899543378998
2024-05-31,6,AQST,4.7275331439907635,-0.06597222222222221
2024-05-31,7,ORIC,4.566516883126402,-0.1668520578420467
2024-05-31,8,IREN,4.465613611510746,0.6970474967907574
2024-05-31,9,UNIT,4.412197709194989,-0.129746835443038
2024-05-31,10,RIOT,4.181291791624824,0.08110882956878851
2024-06-14,1,PERI,8.29448312108735,-0.020905923344947674
2024-06-14,2,AKBA,6.705128447041437,-0.0706542056074767
2024-06-14,3,BCRX,6.295844678011751,0.08103727714748787
2024-06-14,4,GRPN,5.9715928809738905,0.04169468728984538
2024-06-14,5,CAR,5.313238128594894,-0.03771971496437054
2024-06-14,6,OCUL,5.118342694952774,0.15826086956521745
2024-06-14,7,APLD,5.000468559780419,0.39784946236559127
2024-06-14,8,CHTR,4.786980428202893,0.07152682255845932
2024-06-14,9,LUMN,4.755743307351984,-0.017699115044247593
2024-06-14,10,PSIX,4.70744906533302,0.2272727272727273
2024-07-01,1,DXYZ,19.261328840016127,0.08388520971302427
2024-07-01,2,DNA,8.390255757953954,0.08292079207920788
2024-07-01,3,SMMT,7.669918691454208,0.12039312039312011
2024-07-01,4,EBS,6.996656769922859,0.7152974504249292
2024-07-01,5,RIGL,6.462343577389516,0.3376932223543401
2024-07-01,6,LU,5.908464626324184,0.1598360655737705
2024-07-01,7,PZZA,5.791800930964321,-0.0315423102023058
2024-07-01,8,SEDG,5.397480753662064,0.2599082186065915
2024-07-01,9,TGEN,4.169654810243713,0.0893313868613137
2024-07-01,10,PARR,3.954195664013496,-0.028458498023715473
2024-07-16,1,BMNR,11.841350710595393,-0.08637931034482749
2024-07-16,2,ATUS,6.638602013034252,0.13440860215053752
2024-07-16,3,LB,6.52640793717878,0.0748017924853499
2024-07-16,4,KC,6.262795740472127,-0.054545454545454564
2024-07-16,5,TBLA,4.861101081806355,0.0028901734104047616
2024-07-16,6,KRUS,4.781352361342284,-0.035243055555555625
2024-07-16,7,ASTS,4.21369326781919,0.27789934354485757
2024-07-16,8,SMR,4.128819256546973,-0.38688946015424175
2024-07-16,9,QBTS,4.041710440364588,-0.24803149606299213
2024-07-16,10,MNSO,3.7528164272162194,-0.10050533408197637
2024-07-30,1,LU,8.929680531962878,-0.0035714285714284477
2024-07-30,2,DXCM,8.226425726993869,0.018938307030128998
2024-07-30,3,TEM,7.318217536241761,-0.07222101370459
2024-07-30,4,MXL,6.300984386930618,-0.07364341085271331
2024-07-30,5,BYON,6.265691797529439,-0.19168026101141922
2024-07-30,6,ARDX,5.910937054070399,0.050724637681159424
2024-07-30,7,SYM,5.7962856446715865,-0.20293577981651378
2024-07-30,8,LW,5.696024803079639,-0.0065524193548387455
2024-07-30,9,FWRG,5.601440779214834,0.029393370856785506
2024-07-30,10,VKTX,5.4891144737704884,-0.005661712668082131
2024-08-13,1,NNE,16.37279628945528,0.6120300751879699
2024-08-13,2,BNED,12.701200588176162,0.20090909090909093
2024-08-13,3,MVST,10.013158334185222,-0.062402006898714446
2024-08-13,4,WW,9.958385512264629,0.17441860465116288
2024-08-13,5,ALTS,9.637137000430247,0.3297297297297297
2024-08-13,6,HIPO,8.553589357413772,0.08029978586723763
2024-08-13,7,XERS,7.091825297125565,0.13385826771653542
2024-08-13,8,IREN,6.429175574606739,0.06938775510204098
2024-08-13,9,TLS,6.404643699404084,0.29774127310061616
2024-08-13,10,FIVN,6.357663881950645,0.040226272784412265
2024-08-27,1,BYON,8.172637993927035,0.04558404558404572
2024-08-27,2,LAES,6.769727484408966,-0.3266460905349794
2024-08-27,3,ALAB,6.648613162069119,-0.061283829121002054
2024-08-27,4,HDSN,6.326702996508968,-0.050970873786407744
2024-08-27,5,VOR,6.193731434063481,0.19074365311166042
2024-08-27,6,PDD,5.900648820135762,-0.006568658116984594
2024-08-27,7,MRVI,5.764521235096104,-0.024363233665559147
2024-08-27,8,TSHA,4.641319617992581,0.08411214953271018
2024-08-27,9,IONQ,4.542935587859177,-0.006868131868131844
2024-08-27,10,AI,4.488949831721306,-0.09009774755631117
2024-09-11,1,NNE,13.050138571719392,0.16497695852534577
2024-09-11,2,COMM,6.98995834438503,0.23735408560311289
2024-09-11,3,GME,6.944834299462308,0.0746124031007751
2024-09-11,4,ADMA,6.504982310696126,0.15257244234180956
2024-09-11,5,LQDA,6.48891389559496,0.015263417035942917
2024-09-11,6,MBLY,6.46222390312908,0.15036900369003692
2024-09-11,7,PRCH,6.27527787442077,0.22881355932203395
2024-09-11,8,SWIM,5.444438472832499,0.06896551724137923
2024-09-11,9,HI,5.043677480431533,0.004177744018230234
2024-09-11,10,GSM,4.641140592142055,0.014117647058823346
2024-09-25,1,RGC,10.548204618351418,-0.06292286874154251
2024-09-25,2,CTMX,9.358520798619768,-0.017094017094017144
2024-09-25,3,NNE,7.515289534714083,0.3148734177215191
2024-09-25,4,STAA,6.939998444225531,0.016108247422680355
2024-09-25,5,BLND,6.696660233735884,-0.10941475826972014
2024-09-25,6,DG,6.417497856540628,-0.016615238547353472
2024-09-25,7,HDSN,6.223779609356184,-0.03486924034869232
2024-09-25,8,SFIX,6.1075406799540115,0.19823788546255505
2024-09-25,9,PERI,5.962995057847084,-0.008917197452229186
2024-09-25,10,AMPX,5.817447522363224,0.39599813866914824
2024-10-09,1,RGC,6.792386000532671,-0.08231046931407959
2024-10-09,2,CLSK,6.2516976940674525,0.3126410835214448
2024-10-09,3,QURE,5.796037400472389,0.1470588235294117
2024-10-09,4,UMAC,5.721906944293951,0.04137931034482767
2024-10-09,5,OUST,5.0992930717895,0.17797888386123684
2024-10-09,6,ATNF,4.908222488514234,2.1021897810218975
2024-10-09,7,VAL,4.745637434730027,-0.05016399768473856
2024-10-09,8,STM,4.644249255668188,-0.009232954545454586
2024-10-09,9,BKSY,4.608569970170008,-0.02857142857142858
2024-10-09,10,XPOF,4.495218437320245,0.066612510154346
2024-10-23,1,TDUP,10.85899922756837,0.28588149231894655
2024-10-23,2,TSSI,8.120512990391036,0.4441666666666666
2024-10-23,3,MDGL,6.660455954991005,0.6703871987356778
2024-10-23,4,SNAP,5.603995659776989,0.16354679802955663
2024-10-23,5,APLS,5.30644490402083,0.0685693106004448
2024-10-23,6,HLF,5.297345754260011,0.21203438395415475
2024-10-23,7,MFH,4.98702149336034,0.0
2024-10-23,8,SPIR,4.709421585636949,0.26888888888888896
2024-10-23,9,GH,4.680396137917247,0.23849167482859923
2024-10-23,10,CSTM,4.618093608015101,0.11090400745573148
2024-11-06,1,RUN,9.91939590893169,-0.1428571428571429
2024-11-06,2,SEDG,6.152299130642915,-0.2592844974446338
2024-11-06,3,MQ,6.0656984603619275,0.018421052631579116
2024-11-06,4,LION,5.914550903846711,0.04354354354354362
2024-11-06,5,CELH,5.757414772877216,-0.07756324900133149
2024-11-06,6,PACS,5.446357899075965,-0.046434494195688236
2024-11-06,7,IREN,5.223035826668921,-0.08514492753623182
2024-11-06,8,MAX,4.29097234571734,0.051635111876075834
2024-11-06,9,ELF,4.117203183925046,0.14247311827957
2024-11-06,10,FSLR,4.037096819733425,-0.04731470982372954
2024-11-20,1,BNED,11.471248580328654,0.15179487179487183
2024-11-20,2,LAES,9.038158528606766,-0.2214141414141414
2024-11-20,3,TNXP,8.589837832730131,-0.09210526315789469
2024-11-20,4,SEDG,8.329778653576083,0.15823367065317395
2024-11-20,5,MEG,7.213069005215739,-0.0746934225195095
2024-11-20,6,FIGS,6.715528284553142,0.09635974304068529
2024-11-20,7,DLTR,6.615810001864107,0.14846470402025957
2024-11-20,8,XP,6.419459314697829,-0.13720485003190808
2024-11-20,9,CRNC,6.407697168500135,1.6312056737588652
2024-11-20,10,LBTYA,5.969676757059917,0.04446119065561427
2024-12-05,1,MQ,9.193069720130785,0.00536193029490617
2024-12-05,2,AEHR,7.628905293622441,0.19141323792486586
2024-12-05,3,BYON,6.094296121486851,-0.1452145214521452
2024-12-05,4,FOXF,5.330390066261333,-0.036363636363636376
2024-12-05,5,CIFR,5.192341169194218,-0.16690856313497815
2024-12-05,6,TMDX,5.162971922525564,-0.0863396226415094
2024-12-05,7,JMIA,4.8546262227110635,-0.1258278145695365
2024-12-05,8,BNED,4.81969564639878,-0.01068566340160293
2024-12-05,9,EVER,4.71798270936673,-0.06110201854882691
2024-12-05,10,DOOO,4.589118601454533,0.06698268755152514
2024-12-19,1,HUT,6.2837351510948976,0.12058823529411766
2024-12-19,2,SVM,5.803603241639678,0.026936026936026813
2024-12-19,3,COIN,5.416718738500705,0.05052570093457942
2024-12-19,4,AFRM,5.407055836451249,0.03317460317460319
2024-12-19,5,ANAB,5.249973477654532,0.020000000000000018
2024-12-19,6,MEG,5.0880629171927065,0.24388753056234735
2024-12-19,7,PGY,4.731981844684132,0.18943742824339815
2024-12-19,8,EWTX,4.645406708658804,-0.1376623376623377
2024-12-19,9,FOXF,4.577132128218565,0.015835579514824838
2024-12-19,10,ACLS,4.479631501727797,0.07617808615206711
2025-01-06,1,AAOI,7.713629957447401,-0.018567639257294544
2025-01-06,2,NUTX,6.308059757394861,0.10176351546689788
2025-01-06,3,PRCH,6.163796014144063,-0.1354961832061069
2025-01-06,4,MFH,6.1501181025980305,0.08108108108108114
2025-01-06,5,MRVI,5.712424298400708,-0.10588235294117643
2025-01-06,6,NVCR,5.567584244793776,-0.09558327714093062
2025-01-06,7,MNSO,5.353075669431071,-0.03739094308267543
2025-01-06,8,NNE,5.339967191162893,0.11947174447174458
2025-01-06,9,SVM,5.334320275458663,0.016393442622950838
2025-01-06,10,CRDO,5.141593846394245,0.11560542797494788
2025-01-22,1,FTAI,7.013405819315477,0.2713338406348518
2025-01-22,2,DYN,6.7105444235325455,0.11126860382707293
2025-01-22,3,JANX,4.282836344918348,0.1112493777999004
2025-01-22,4,MQ,4.269993072910085,0.03208556149732611
2025-01-22,5,FCN,4.120173837384202,0.00859658208182279
2025-01-22,6,MLCO,4.053646088013696,-0.027372262773722733
2025-01-22,7,OLED,3.8639387511831735,-0.016470905899824473
2025-01-22,8,VECO,3.7038020286255073,-0.036336670374490176
2025-01-22,9,PII,3.6346736557056376,-0.15773809523809523
2025-01-22,10,HIMX,3.5959566141002073,-0.014112903225806495
2025-02-05,1,TNXP,14.995451811836968,-0.3544726301735648
2025-02-05,2,OMI,7.128234587086616,-0.2808988764044944
2025-02-05,3,FMC,5.5678177247140015,0.06319599109131402
2025-02-05,4,BYON,5.4055347475122835,-0.06832971800433851
2025-02-05,5,ENPH,5.23541222441688,0.013866544089481403
2025-02-05,6,EOSE,5.213409683557026,-0.11873840445269013
2025-02-05,7,BTU,5.17054793818515,-0.13793103448275867
2025-02-05,8,HSAI,4.793667319614282,0.33261339092872566
2025-02-05,9,QURE,4.681151607091388,-0.1965282083075014
2025-02-05,10,AMR,4.676887811138904,-0.13144704931285378
2025-02-20,1,JMIA,10.09901317419439,-0.15602836879432624
2025-02-20,2,WST,8.358640203887724,0.14294132089369005
2025-02-20,3,NEXN,7.671600188229297,-0.015283842794759916
2025-02-20,4,PRG,7.0719852641705785,-0.02292950034223129
2025-02-20,5,CE,7.041272732559782,0.049610340239498285
2025-02-20,6,BMBL,5.851652803027007,-0.13528336380255934
2025-02-20,7,UPXI,5.8101696409393835,-0.1595092024539876
2025-02-20,8,STAA,5.594389992705193,0.06350148367952513
2025-02-20,9,AMPX,5.431720017402235,-0.4006024096385542
2025-02-20,10,AAOI,5.271986818392204,-0.43454545454545457
2025-03-06,1,EXOD,13.836147644088593,0.6556313993174061
2025-03-06,2,ONDS,12.898203510074342,-0.14230673626646773
2025-03-06,3,CMCO,8.157362129671206,0.10111699000587882
2025-03-06,4,ASM,7.321060997706182,0.4393939393939392
2025-03-06,5,ALHC,6.664008579916843,0.12655737704918035
2025-03-06,6,TDUP,6.585904046204096,0.04721030042918439
2025-03-06,7,PRAX,6.47308890196614,-0.004753102719830982
2025-03-06,8,CRDO,6.288395021622029,0.10506299025433807
2025-03-06,9,OSCR,6.185218575750039,-0.1728553137003841
2025-03-06,10,IIPR,5.948578163384732,-0.12879725085910654
2025-03-20,1,AUTL,8.14664412202388,-0.09850746268656718
2025-03-20,2,IONQ,6.522412269154927,0.09981078524124887
2025-03-20,3,TNXP,6.49209194716562,-0.03848268279274347
2025-03-20,4,FUTU,6.198468755842046,-0.10666177952900213
2025-03-20,5,SCVL,6.192945939810105,-0.1426024955436721
2025-03-20,6,SLI,5.808472495927493,-0.038167938931297773
2025-03-20,7,ARQQ,5.359635837486122,-0.26544240400667773
2025-03-20,8,SMTC,5.353801941583034,-0.2689468503937008
2025-03-20,9,TTEK,5.283064314221469,0.025632262474367673
2025-03-20,10,QUBT,5.219275418002542,0.02435723951285529
2025-04-03,1,AAOI,7.237313005561881,-0.16913484021823855
2025-04-03,2,IONQ,6.577423351408315,0.10709677419354824
2025-04-03,3,SLDP,6.304793073953714,0.08910891089108919
2025-04-03,4,NVTS,6.183100928895803,0.13395638629283502
2025-04-03,5,PCVX,5.373073091746653,0.0029450261780104015
2025-04-03,6,ALDX,5.264791556206763,0.5422535211267605
2025-04-03,7,NRDS,4.876729239353981,-0.005820721769499548
2025-04-03,8,RH,4.853861219801219,0.07858625075306258
2025-04-03,9,MBLY,4.637782817283255,-0.16549789621318367
2025-04-03,10,LRMR,4.539193941547837,-0.03535353535353536
2025-04-17,1,LUNR,10.603285598723415,0.24832214765100669
2025-04-17,2,APLD,10.079831587285712,0.341772151898734
2025-04-17,3,MYGN,9.242407792018895,-0.010471204188481686
2025-04-17,4,SOUN,9.128871223743628,0.20076726342711004
2025-04-17,5,CBLL,7.458647182437115,0.09936005389019864
2025-04-17,6,SPIR,6.567616156206902,0.13348946135831397
2025-04-17,7,IONQ,5.886867208274104,0.20124320124320128
2025-04-17,8,ALDX,5.334163118479568,0.2831050228310503
2025-04-17,9,LRMR,5.2823690496052595,0.554973821989529
2025-04-17,10,EXAS,5.2651843304671075,0.23977873977873987
2025-05-02,1,UMAC,10.322875333335176,-0.20260492040520994
2025-05-02,2,CABO,7.985479747176693,0.04380040653071937
2025-05-02,3,BAND,6.619120656090863,0.15772618094475588
2025-05-02,4,MYGN,5.946023243087567,-0.4537037037037037
2025-05-02,5,NVTS,5.855646878930196,0.014634146341463428
2025-05-02,6,FWRD,5.650245749638108,0.08182844243792342
2025-05-02,7,AAOI,5.528537624681647,0.24933155080213898
2025-05-02,8,GDYN,5.201225880821807,0.024193548387096753
2025-05-02,9,BLDR,5.087444845654632,0.05704021729606601
2025-05-02,10,NFE,4.964013395595037,-0.5625
2025-05-16,1,CIFR,10.077426479763774,-0.15803108808290156
2025-05-16,2,NFE,9.93376776361551,-0.0413533834586467
2025-05-16,3,SMLR,8.819400179874032,-0.12940313111545987
2025-05-16,4,KOD,8.02577097312311,0.028571428571428692
2025-05-16,5,BULL,7.3131574227629015,-0.0781627719580984
2025-05-16,6,APLD,6.72458449780712,0.48462664714494874
2025-05-16,7,GRRR,6.008353430818642,-0.005643340857787726
2025-05-16,8,OMER,5.914547929595833,-0.0419906687402799
2025-05-16,9,ICHR,5.903450642645341,-0.12185792349726776
2025-05-16,10,AMBC,5.804017783191682,-0.021144278606965106
2025-06-02,1,B,6.970581603231182,0.05364173228346458
2025-06-02,2,RCKT,5.441349863240496,0.03971119133573997
2025-06-02,3,CLF,5.140158320600258,0.01810584958217265
2025-06-02,4,ICHR,4.363780390461166,0.11263223397635347
2025-06-02,5,ZETA,4.021204127163067,-0.025522041763341052
2025-06-02,6,VOR,3.9983842542616115,-0.05377720870678615
2025-06-02,7,CC,3.8701728263010917,0.1638297872340424
2025-06-02,8,CBLL,3.630296829386766,0.002328288707799775
2025-06-02,9,BGS,3.5500791134234486,0.06265060240963849
2025-06-02,10,DEFT,3.5434639512032433,-0.17441860465116277
2025-06-16,1,HIMS,7.318962767095337,-0.19772499163599866
2025-06-16,2,NKTR,6.63179257477569,1.6583783783783783
2025-06-16,3,ZETA,6.313748692029659,0.20158730158730176
2025-06-16,4,BTDR,5.71631913375853,-0.16666666666666663
2025-06-16,5,ARQQ,5.443450044289752,0.1929824561403508
2025-06-16,6,CPRI,5.092754490701787,0.04655172413793118
2025-06-16,7,BYON,4.675847353718852,0.11335403726708071
2025-06-16,8,SRPT,4.356031814825779,-0.15425023877745947
2025-06-16,9,ATKR,4.201557380438253,0.11482602118003027
2025-06-16,10,UCTT,4.119032781052145,0.15590092277804768
2025-07-01,1,EXOD,12.94434227516619,0.316551724137931
2025-07-01,2,MFH,10.221624819843903,-0.009345794392523366
2025-07-01,3,RGC,10.073988918474718,0.047260273972602684
2025-07-01,4,HUYA,8.232777666621352,0.31896551724137945
2025-07-01,5,UPXI,6.642229235812503,1.5121107266435985
2025-07-01,6,PHAT,6.352185550368676,-0.05875706214689258
2025-07-01,7,ONDS,5.072699485636028,0.22448979591836737
2025-07-01,8,CRWV,4.679785411997862,-0.08272412466333212
2025-07-01,9,NFE,4.6143690733805895,0.10468319559228645
2025-07-01,10,LCID,4.431199169477527,0.12807881773399
2025-07-16,1,MFH,10.284428580109417,-0.021226415094339535
2025-07-16,2,FTRE,5.438356911332122,0.26530612244897944
2025-07-16,3,INSP,5.126926317255295,0.029098039215686322
2025-07-16,4,DYN,5.056824176385196,0.06216505894962476
2025-07-16,5,CTMX,4.994221284026369,-0.029288702928870425
2025-07-16,6,BKSY,4.970030132591624,-0.2887947631882942
2025-07-16,7,RXST,4.844505737110657,0.09615384615384626
2025-07-16,8,HUMA,4.571014731195721,0.01673640167364021
2025-07-16,9,FLOC,4.370160284124403,0.0824800910125143
2025-07-16,10,ASA,4.091939694205707,-0.041398344066237325
2025-07-30,1,BHVN,6.926597045588758,-0.07756410256410251
2025-07-30,2,NKTR,5.764094469085013,0.16538287267784324
2025-07-30,3,EXOD,5.426995895979142,-0.05983493810178808
2025-07-30,4,RXST,5.023531481138996,0.041353383458646586
2025-07-30,5,MYGN,4.93772010451488,0.44938271604938285
2025-07-30,6,EOLS,4.875177321000236,-0.2734375000000001
2025-07-30,7,COMM,4.862752245858667,0.8768472906403944
2025-07-30,8,CZR,4.155042537045255,-0.07708856220867699
2025-07-30,9,KBR,3.997233137252543,0.10852372583479775
2025-07-30,10,GME,3.992730552542163,0.02538975501113594
2025-08-13,1,KLC,7.696252317331495,-0.055118110236220486
2025-08-13,2,ATEX,7.041719827603386,0.10415693601120979
2025-08-13,3,OMI,7.013935491038751,-0.0825515947467168
2025-08-13,4,ACDC,6.9006683871213115,0.14325068870523427
2025-08-13,5,WW,6.2966203584946605,-0.019861570869695977
2025-08-13,6,IT,5.568844688534696,0.015247671639330829
2025-08-13,7,TNDM,5.526217754622528,0.10062893081761004
2025-08-13,8,CLBT,5.303809784125325,0.1772694781987132
2025-08-13,9,PRME,4.875507690186009,-0.09973753280839892
2025-08-13,10,PRO,4.828383766897855,0.016666666666666607
2025-08-27,1,RGC,9.182000925592382,-0.05547752808988771
2025-08-27,2,DFDV,8.65098114517746,0.04980285020219566
2025-08-27,3,CHA,5.070021830564818,-0.22458201536375955
2025-08-27,4,LULU,4.59083049422764,-0.193559371503624
2025-08-27,5,NEXN,4.4553875664492155,0.014198782961460488
2025-08-27,6,OPFI,4.253320759776947,0.030541871921182295
2025-08-27,7,EXOD,4.182846253624127,0.05908256880733953
2025-08-27,8,ASAN,4.139490812698255,-0.036985345429169536
2025-08-27,9,BNED,4.116947682438948,-0.025229357798165264
2025-08-27,10,ADBE,3.943113767392826,-0.01627613301529396
2025-09-11,1,PACS,7.296963472890045,0.3218749999999999
2025-09-11,2,DAVA,6.942285028244763,-0.11999999999999988
2025-09-11,3,SLP,6.435550735998147,0.022284122562674202
2025-09-11,4,PUMP,6.28604067227653,0.08008213552361387
2025-09-11,5,KOD,6.253179098507075,0.5806451612903225
2025-09-11,6,ADBE,5.565292453530449,0.010298102981029844
2025-09-11,7,BYRN,5.1501281209490575,0.022648941408173417
2025-09-11,8,ELVN,5.021227932840714,-0.06777108433734946
2025-09-11,9,PLMR,4.949771419654561,-0.037846930193439876
2025-09-11,10,HNST,4.948851404388763,-0.04556962025316458
2025-09-25,1,BBAR,8.474559693448526,0.050755939524838034
2025-09-25,2,TNDM,6.788859540068858,0.23913043478260865
2025-09-25,3,ICHR,5.4739760809622915,0.17314487632508846
2025-09-25,4,DNA,5.297506433926728,0.3546666666666667
2025-09-25,5,VOYG,5.0327979407888,0.1526639344262295
2025-09-25,6,RXRX,4.998548076256632,0.2764578833693305
2025-09-25,7,SBET,4.932346699644205,0.039239730226854785
2025-09-25,8,LFMD,4.778994670717746,0.05064308681672025
2025-09-25,9,JMIA,4.721740570530992,0.1520572450805009
2025-09-25,10,TSSI,4.299516555716929,0.1353512278697886
2025-10-09,1,NMAX,8.74360073875103,-0.06677796327212027
2025-10-09,2,WULF,5.942320426169228,-0.05224429727740976
2025-10-09,3,HELE,5.176899887046186,-0.05601158860453892
2025-10-09,4,SUPV,5.116860181105314,0.08359621451104116
2025-10-09,5,GGAL,4.65883643866122,0.009855072463768266
2025-10-09,6,MAGN,4.5939697134157536,-0.09903846153846163
2025-10-09,7,LITE,4.571803639208196,0.05470706059088637
2025-10-09,8,UAA,4.559168328406588,0.008316008316008316
2025-10-09,9,VMEO,4.538617727746597,0.005154639175257714
2025-10-09,10,IOVA,4.498541657557365,0.0
2025-10-23,1,NEGG,7.679725570031442,0.7967067764407854
2025-10-23,2,ITGR,7.196442418477114,-0.09811882528082283
2025-10-23,3,ARCT,6.977869367597194,-0.3091666666666667
2025-10-23,4,PLAY,6.487634742708651,-0.25422773393461096
2025-10-23,5,MRTN,5.711931585680489,-0.08325537885874634
2025-10-23,6,HOUS,5.628586832903871,0.11561264822134398
2025-10-23,7,DAVA,5.506982700589499,0.021814006888633664
2025-10-23,8,DECK,4.496767249277195,-0.22166959235420325
2025-10-23,9,TREX,4.448564115037192,-0.3505595116988809
2025-10-23,10,UPST,4.428526865381226,-0.27591170825335887
2025-11-06,1,ACVA,12.164118735112684,0.30451866404715133
2025-11-06,2,ASPN,10.296795600628421,-0.2871046228710462
2025-11-06,3,NNNN,8.93509576649957,0.6259168704156481
2025-11-06,4,ZEPP,7.509907482677832,-0.13018391633609805
2025-11-06,5,AMSC,7.341474706522472,-0.18522571819425437
2025-11-06,6,ELF,5.9947201043357605,-0.10608831983276723
2025-11-06,7,OUST,5.988776305322143,-0.18276004973062576
2025-11-06,8,BHVN,5.320571227398033,0.1289566236811257
2025-11-06,9,HELE,5.104753925179239,-0.10671525247267055
2025-11-06,10,WULF,5.098168604761931,-0.19047619047619035
