date,spy_voltarget,momentum_hrp,momentum_ml_hrp,momentum_equal,SPY
2022-02-24,100436.4075719872,99982.55925767646,,99982.55925767646,100000.0
2022-02-25,101101.21545306726,100050.94752525262,,100050.94752525262,102206.3973850105
2022-02-28,101023.61406325063,100124.8712526459,,100124.8712526459,101944.89843567592
2022-03-01,100562.0284872339,100198.03533875823,,100198.03533875823,100392.24842400185
2022-03-02,101117.01637876421,100111.03724346461,,100111.03724346461,102239.0847536773
2022-03-03,100973.73885331764,100184.9563866789,,100184.9563866789,101730.09572729393
2022-03-04,100727.62535887817,100292.06982749025,,100292.06982749025,100903.57226243285
2022-03-07,99836.81622330274,100269.39266204122,,100269.39266204122,97929.02171375202
2022-03-08,99609.73584594052,100211.65967181382,,100211.65967181382,97186.55148260565
2022-03-09,100410.92118074464,100133.0662448926,,100133.0662448926,99792.20172776093
2022-03-10,100274.89740178848,100099.11849014052,,100099.11849014052,99341.5830025683
2022-03-11,99884.71924769002,100057.38255532771,,100057.38255532771,98078.44968480038
2022-03-14,99673.37180454486,99944.85343614529,,99944.85343614529,97361.66238617792
2022-03-15,100315.66531255824,99944.30374222902,,99944.30374222902,99502.68503385478
2022-03-16,100998.35833438765,99963.43055815471,,99963.43055815471,101709.08241886529
2022-03-17,101377.43256393801,99974.43344159119,,99974.43344159119,102981.55498482373
2022-03-18,101794.3359787256,99966.58318150308,,99966.58318150308,104106.00256829326
2022-03-21,101782.82214378774,99886.07856021894,,99886.07856021894,104075.55673833314
2022-03-22,102243.45816179547,99844.16255342386,,99844.16255342386,105293.38993673844
2022-03-23,101747.91386138678,99928.91784056475,,99928.91784056475,103937.37951005253
2022-03-24,102341.12414653478,99922.41605200878,,99922.41605200878,105504.16875953935
2022-03-25,102520.6958247993,99846.0297246192,,99846.0297246192,106019.40588194158
2022-03-28,102820.65475224964,99846.51983206764,,99846.51983206764,106773.5256701849
2022-03-29,103346.234889413,99914.55198970174,,99914.55198970174,108094.40629307063
2022-03-30,103095.82208710982,99990.76399896278,,99990.76399896278,107426.94002086773
2022-03-31,102440.16672096672,100000.86475233137,,100000.86475233137,105773.49725534054
2022-04-01,102560.12947861353,99972.03544326838,,99972.03544326838,106073.27158110184
2022-04-04,102916.58119232689,99951.11227429277,,99951.11227429277,106981.9625060658
2022-04-05,102334.58716043884,99843.72462095982,,99843.72462095982,105630.63605321992
2022-04-06,101888.81581458452,99876.08360058164,,99876.08360058164,104574.39995229531
2022-04-07,102115.61073283992,99882.08700575947,,99882.08700575947,105101.34700929763
2022-04-08,101988.75624830635,99854.94078012012,,99854.94078012012,104820.3085788964
2022-04-11,101224.93663585614,99811.19853178551,,99811.19853178551,103028.6885850886
2022-04-12,101105.25270563152,99868.78322703428,,99868.78322703428,102646.94471712694
2022-04-13,101452.6585569507,99902.97489997091,,99902.97489997091,103822.62215097205
2022-04-14,101065.91040740046,99815.35304684997,,99815.35304684997,102529.84537112642
2022-04-18,101086.11599589798,99785.81066049382,,99785.81066049382,102572.00113568659
2022-04-19,101567.91544947012,99731.46676038891,,99731.46676038891,104227.78588813382
2022-04-20,101560.87721904753,99858.76217952237,,99858.76217952237,104150.50031977346
2022-04-21,101105.26805790431,99786.67160047527,,99786.67160047527,102593.07901796668
2022-04-22,100265.25410990715,99715.04804611673,,99715.04804611673,99778.01074011445
2022-04-25,100447.32006832995,99743.4010496514,,99743.4010496514,100356.48150935696
2022-04-26,99566.91873254513,99750.15167169995,,99750.15167169995,97450.07574162431
2022-04-27,99650.9081304666,99692.82080909362,,99692.82080909362,97724.0882112655
2022-04-28,100421.30597914851,99749.96839691437,,99749.96839691437,100192.54242495625
2022-04-29,99292.59026010233,99603.05494081296,,99603.05494081296,96489.86110442014
2022-05-02,99479.49812771336,99483.60799917312,,99483.60799917312,97070.67386058268
2022-05-03,99608.68775850123,99487.68467949305,,99487.68467949305,97515.65137538461
2022-05-04,100533.9553339705,99643.31238555597,,99643.31238555597,100485.29078995754
2022-05-05,99461.97741560731,99509.65228014669,,99509.65228014669,96913.760736942
2022-05-06,99283.87315214107,99478.38890496524,,99478.38890496524,96335.28996769947
2022-05-09,98322.6319386379,99492.54019532185,,99492.54019532185,93250.89319404605
2022-05-10,98390.78636115859,99477.07574505039,,99477.07574505039,93466.35599068698
2022-05-11,97921.87139045293,99541.8220295386,,99541.8220295386,91981.53628340052
2022-05-12,97898.70160518086,99537.63038453864,,99537.63038453864,91885.51481968009
2022-05-13,98608.35984033092,99532.01025116893,,99532.01025116893,94082.29855064966
2022-05-16,98480.77932701593,99585.1116360783,,99585.1116360783,93700.55468268799
2022-05-17,99088.51519684122,99513.14959112369,,99513.14959112369,95628.0099178564
2022-05-18,97890.1925870205,99443.40041497715,,99443.40041497715,91773.09944751962
2022-05-19,97725.31759977533,99496.43535874404,,99496.43535874404,91211.02258671717
2022-05-20,97738.11478356208,99553.94352509719,,99553.94352509719,91250.83636435734
2022-05-23,98286.72053012074,99574.58196070077,,99574.58196070077,92958.14482904479
2022-05-24,98054.1082753522,99745.34103520465,,99745.34103520465,92248.5227922817
2022-05-25,98321.504842431,99755.7697723872,,99755.7697723872,93063.53424044525
2022-05-26,98925.9348823987,99791.63060683913,,99791.63060683913,94923.07185493335
2022-05-27,99639.35847832379,99843.89872388751,,99843.89872388751,97253.34884034352
2022-05-31,99464.01124677989,99661.17841348262,,99661.17841348262,96707.66588798113
2022-06-01,99223.66982487276,99595.31597588712,,99595.31597588712,95925.44225669773
2022-06-02,99805.73268651734,99707.63494181314,,99707.63494181314,97752.19205430568
2022-06-03,99299.0630211912,99609.966370528,,99609.966370528,96147.93101409869
2022-06-06,99397.36916995964,99541.70403659841,,99541.70403659841,96440.67937909997
2022-06-07,99675.79303598436,99614.11481082301,,99614.11481082301,97365.76421250399
2022-06-08,99358.31723848522,99520.31203384038,,99520.31203384038,96307.18612465938
2022-06-09,98657.01586381909,99433.41327816392,,99433.41327816392,94016.7229168894
2022-06-10,97783.72461849515,99334.50085065627,,99334.50085065627,91290.65014199752
2022-06-13,96677.41061104451,98958.07609757893,,98958.07609757893,87824.50950038242
2022-06-14,96582.61248325453,98774.56626637469,,98774.56626637469,87559.86497842128
2022-06-15,97003.08076905922,98972.18076608976,,98972.18076608976,88808.14400678672
2022-06-16,96054.81019095574,99033.82385333246,,99033.82385333246,85868.9504221739
2022-06-17,96109.3009562016,98978.23736562245,,98978.23736562245,86053.23458114745
2022-06-21,96849.839935279,99026.25102253741,,99026.25102253741,88219.50115987254
2022-06-22,96804.57597311419,99189.13968647513,,99189.13968647513,88059.55965351715
2022-06-23,97089.25728977969,99312.39146739827,,99312.39146739827,88922.77337164107
2022-06-24,98000.45093062874,99331.26529936951,,99331.26529936951,91749.97470457002
2022-06-27,97888.15037288163,99282.62774573467,,99282.62774573467,91399.51463917368
2022-06-28,97303.09590493907,99273.31424147583,,99273.31424147583,89531.962344377
2022-06-29,97286.76931097487,99373.4293397887,,99373.4293397887,89459.04783412674
2022-06-30,97057.09728499845,99462.81757285277,,99462.81757285277,88732.25481260009
2022-07-01,97359.7573769646,99636.59856972832,,99636.59856972832,89670.73512195006
2022-07-05,97414.91871258894,99530.97902205534,,99530.97902205534,89840.0849522087
2022-07-06,97513.61903079443,99427.10151364277,,99427.10151364277,90143.50339808875
2022-07-07,97951.7624149328,99368.65914881,,99368.65914881,91493.59787820626
2022-07-08,97920.08929328196,99291.28980533605,,99291.28980533605,91418.3312869802
2022-07-11,97592.00782547801,99371.09118729462,,99371.09118729462,90374.00733371859
2022-07-12,97325.46245762843,99358.77549931726,,99358.77549931726,89574.29980194167
2022-07-13,97172.12559479047,99408.35092773012,,99408.35092773012,89103.88360677878
2022-07-14,97108.77040807756,99323.58745952966,,99323.58745952966,88887.49215700387
2022-07-15,97657.9168218708,99352.68727810196,,99352.68727810196,90585.69462154189
2022-07-18,97416.00979658565,99279.61122264162,,99279.61122264162,89837.73287123289
2022-07-19,98205.64185923843,99278.44525314092,,99278.44525314092,92265.0804382734
2022-07-20,98393.40597934557,99210.25082041069,,99210.25082041069,92853.10068222701
2022-07-21,98716.59411840547,99378.79682074192,,99378.79682074192,93798.63723450444
2022-07-22,98449.38060955094,99519.52235003968,,99519.52235003968,92928.36727345307
2022-07-25,98477.72790039385,99502.7310169777,,99502.7310169777,93041.26716029216
2022-07-26,98128.20005457097,99499.52227587599,,99447.40865539151,91940.493263611
2022-07-27,98892.61042364199,99713.99390426923,,99736.8581111496,94327.85545406266
2022-07-28,99272.2850150641,100336.90985299565,,100232.36172561215,95510.95218489734
2022-07-29,99714.06319762078,100578.07600111305,,100566.5150044884,96903.38412257949
2022-08-01,99630.61341448162,100522.41368017427,,100435.58598076421,96616.43024353012
2022-08-02,99441.05555369897,100350.32230766724,,100264.90179761629,95979.01629908441
2022-08-03,99900.59690914734,100446.31590874061,,100241.44431368388,97481.99604262982
2022-08-04,99895.6546410643,100271.0634142615,,99982.69945225427,97416.13777530703
2022-08-05,99860.30503464567,100329.50340679577,,100098.50550190908,97251.49210700001
2022-08-08,99833.1727636906,100422.78443064517,,100201.20376463635,97138.5922201609
2022-08-09,99706.5969353091,100523.94279193855,,100386.89527559746,96752.85094012736
2022-08-10,100342.50298047673,100811.26911973597,,100655.99141024171,98785.04890323101
2022-08-11,100342.50298047673,100805.19824997381,,100781.15745277934,98785.04890323101
2022-08-12,100867.47638842059,101207.61928083506,,101173.5140817899,100457.37847703509
2022-08-15,100984.45238862086,101318.03662799059,,101215.44122708782,100871.34472877844
2022-08-16,101084.93236825337,101349.84498938735,,101269.5676192134,101068.91953074686
2022-08-17,100693.6825797087,101170.47375729942,,101205.45780947636,100351.53483312344
2022-08-18,100873.2916697904,101258.44553222189,,101520.27993874914,100643.19287412445
2022-08-19,100134.12035303809,101159.02994334864,,101374.49879901974,99290.74631303114
2022-08-22,99002.13051077425,100290.63755930826,,100592.95922728776,97223.26713529024
2022-08-23,98902.99735784327,100076.15562815557,,100539.97075551233,96988.0590377088
2022-08-24,99020.68278520292,100221.48877678042,,100726.38397923853,97298.5337265163
2022-08-25,99447.63564613485,100513.78872606315,,101005.5606353672,98672.14901639192
2022-08-26,98437.7743130259,99813.92507457548,,100368.81246657007,95332.19403073541
2022-08-29,98242.5065659985,99741.39789889389,,100374.32183026482,94701.83632921713
2022-08-30,97926.47415329555,99368.1101608116,,99901.22777420002,93662.21653790714
2022-08-31,97717.91428185087,99303.85382982828,,99836.62670302024,92949.53600223536
2022-09-01,97823.69220945783,99508.81666791512,,99879.00475769222,93241.19404323635
2022-09-02,97521.73489471621,99529.06190688469,,99899.32531206189,92258.0241953459
2022-09-06,97411.34418929796,99432.06697609619,,99801.96954522541,91909.91621092537
2022-09-07,97943.79949843255,99991.28660660304,,100215.52672417188,93561.07705594711
2022-09-08,98150.84995008838,100099.94069926684,,100359.20870952436,94172.61810965887
2022-09-09,98608.28909791511,100395.24173314692,,100723.84810804899,95635.61247661547
2022-09-12,98918.68543456927,100634.21175916115,,100985.0355140466,96663.47186304639
2022-09-13,97643.45784991932,100469.04165566438,,100819.28960640836,92460.30315926597
2022-09-14,97755.23489401107,100472.53671719646,,100822.79685217272,92813.11530563814
2022-09-15,97444.72297944395,100374.6394004763,,100724.55825286442,91759.38302847327
2022-09-16,97222.64717514426,100394.48979756334,,100744.47785097882,91062.31984006471
2022-09-19,97448.8343172651,100408.70134139612,,100758.73893807411,91768.50392638535
2022-09-20,97105.80792764518,100311.3639759487,,100661.06224210042,90715.13234612107
2022-09-21,96612.49653565511,100343.6312978835,,100693.4420520534,89132.713156038
2022-09-22,96398.59690026993,100273.33920150544,,100622.90490842194,88384.0163153569
2022-09-23,95914.05368833736,100186.2068707129,,100535.46882316134,86903.15537180153
2022-09-26,95614.734726306,99990.76401277505,,100339.34462638167,86043.45300584595
2022-09-27,95563.44474632213,99926.33035302225,,100274.6863426361,85823.80377498368
2022-09-28,96134.85258421548,100178.93597429688,,100528.17257946891,87512.50485096786
2022-09-29,95547.10070313465,100080.31889576718,,100429.21170916919,85684.45641346891
2022-09-30,95103.85317568523,100005.58371588132,,100354.2159928716,84359.47556923516
2022-10-03,95839.17682303615,100200.95017974084,,100550.2635292534,86586.67153378493
2022-10-04,96752.11122071256,100340.95926565162,,100690.76070477485,89269.6986978661
2022-10-05,96684.53295428329,100220.44751825153,,100569.82883798404,89061.85856543727
2022-10-06,96400.1196607188,100127.16497396509,,100476.22109879738,88143.11070731441
2022-10-07,95593.42734104993,100007.87803066739,,100356.51830593297,85684.45641346891
2022-10-10,95381.77837821815,99956.22468044392,,100304.68488551308,85030.23236025544
2022-10-11,95200.56306681683,99972.11831357429,,100320.63392588474,84491.73747168986
2022-10-12,95106.35777994465,99974.06953835918,,100322.59195288921,84213.0427486603
2022-10-13,95881.17781088832,100014.99557198516,,100363.66065991162,86435.5150738367
2022-10-14,95225.67406226727,99915.27953068385,,100263.59699571528,84465.75745513626
2022-10-17,95959.77685954286,99965.09984551466,,100313.59099054629,86636.26974720544
2022-10-18,96298.02447820976,100021.1875815372,,100369.87425560225,87654.21403216934
2022-10-19,96093.30068516337,99914.38581902137,,100262.70016845943,87033.05545456956
2022-10-20,95880.97039971752,99864.83569887998,,100212.97731025114,86303.253171382
2022-10-21,96587.3160955317,99970.49321076124,,100319.00315775507,88400.54905316376
2022-10-24,96934.49898429695,99980.38061535516,,100328.92503110813,89482.26246966832
2022-10-25,97398.8696540689,100090.07004069844,,100438.99684784096,90911.16338011647
2022-10-26,97193.62218355275,100160.31919740303,,100509.49090210575,90226.23567097604
2022-10-27,97060.20667405591,100232.40958086593,,100581.83260188122,89744.42445489104
2022-10-28,97745.52923908172,100231.34143223573,,100580.76072954804,91879.50945165983
2022-10-31,97533.71627021495,100169.84583190703,,100519.05074767813,91215.8381196996
2022-11-01,97411.27706886356,100200.67588881997,,100549.98828211924,90816.69059264881
2022-11-02,96700.26409979939,100169.76068096858,,100518.9652998926,88537.53459499184
2022-11-03,96423.76305445512,100167.43916496914,,100516.63569079096,87625.87219592903
2022-11-04,96854.87678774915,100273.60313222128,,100623.1697592341,88887.08390862214
2022-11-07,97125.40615075712,100228.0783690318,,100577.48629088775,89737.33899583094
2022-11-08,97290.05024701284,100339.91426971406,,100689.71206584758,90221.51203160264
2022-11-09,96725.96359073278,100371.08643986587,,100720.99290617814,88362.75993817669
2022-11-10,98328.01000717781,100654.66848028656,,101005.56354992269,93218.66121401376
2022-11-11,98605.98986925358,100636.5268030571,,100987.3586284822,94120.87633432979
2022-11-14,98354.34676946429,100605.48763057432,,100956.21124946758,93320.21946054148
2022-11-15,98621.05310747364,100695.9814640252,,101047.02055601544,94116.15269495641
2022-11-16,98402.88654169961,100755.14164443953,,101106.38697639796,93398.1595102023
2022-11-17,98335.1303746581,100712.65681016636,,101063.7540345496,93112.37932811267
2022-11-18,98469.07407649247,100715.37508674987,,101066.48178739352,93535.14505203036
2022-11-21,98369.1879783307,100726.70200024042,,101077.84818795563,93195.04301714683
2022-11-22,98781.35063792582,100798.6153006478,,101150.01218734136,94449.16927077984
2022-11-23,98983.19001480498,100878.45794756945,,101230.13317595917,95044.347831826
2022-11-25,98976.54882865518,100886.10125692142,,101237.80313086676,95023.09145464578
2022-11-28,98510.29793536157,100862.45654840596,,101214.07599386817,93506.80321579006
2022-11-29,98482.11305072688,100868.84332074701,,101220.48503131585,93346.19947709506
2022-11-30,99683.67194214796,101002.1485016842,,101354.25493119212,96286.66498702556
2022-12-01,99668.64973907017,101116.70297250056,,101469.20875356982,96215.81039642483
2022-12-02,99630.61171947198,101130.183515722,,101482.736291692,96104.80487115034
2022-12-05,98940.53358611088,101021.29589789986,,101373.46907768406,94375.9528604924
2022-12-06,98405.94388615932,101087.77909908628,,101440.18404782726,93015.54472095828
2022-12-07,98351.35594062642,101156.60292383896,,101509.24780125036,92857.30280194998
2022-12-08,98627.654893221,101203.46235302136,,101556.27058840626,93584.74326545086
2022-12-09,98399.0818191191,101146.87975379183,,101499.49073498677,92885.64463819025
2022-12-12,98832.19919214347,101654.32979568589,,102025.91069879559,94224.79640054415
2022-12-13,99056.64328906809,101763.88869934398,,102193.83350127068,94938.06594592487
2022-12-14,98889.37171660207,101748.86251533047,,102166.2194222353,94331.07828644523
2022-12-15,98178.79034248293,101296.9413444191,,101705.69490447211,92023.58045254798
2022-12-16,97832.67627827168,100965.7418979591,,101382.07179546983,90942.19769079956
2022-12-19,97592.22508461088,100895.03907535487,,101307.75054602738,90171.03860583309
2022-12-20,97639.76712176937,100953.5263686125,,101410.23961454639,90294.42405942775
2022-12-21,98085.2356264299,101378.31225137023,,101873.62318626416,91644.5456574152
2022-12-22,97710.54383274159,101214.36842616793,,101642.26679419703,90337.13440874897
2022-12-23,97879.16073570996,101492.80361845483,,101970.81844527613,90856.77699215715
2022-12-27,97763.3652228916,101631.07091823147,,102106.35782975351,90498.48461729579
2022-12-28,97421.32689146057,101293.78236554675,,101738.23603569742,89373.77875183702
2022-12-29,97977.2429203206,101564.32516806936,,102045.23386866933,90982.5352429363
2022-12-30,97892.32267791948,101411.96899909039,,101941.2160309082,90742.88272730057
2023-01-03,97776.17848756062,101257.46919729226,,101706.88972590462,90360.8623805941
2023-01-04,97995.15169774897,101414.69710779058,,101847.77099602933,91058.4647528407
2023-01-05,97682.1128944583,101118.34726055007,,101660.52112060276,90019.17958602436
2023-01-06,98346.65827756282,101752.2169046191,,102277.25852555195,92083.51313654998
2023-01-09,98344.98187626027,101632.60332511715,,102122.70244671228,92031.31159849073
2023-01-10,98544.36231611233,101699.65757141363,,102236.97104054395,92676.71243267806
2023-01-11,99184.14802916381,101978.29000509475,,102529.5574286588,93848.8742418271
2023-01-12,99408.96097556985,101889.56018921794,,102645.19563923689,94190.55703639686
2023-01-13,99615.52140649108,101957.03294093203,,102716.17778273892,94555.96780281175
2023-01-17,99520.23670927846,101856.25468457956,,102582.26339526437,94382.75360834235
2023-01-18,98705.00114030219,100560.92342729363,,101422.08073961038,92892.63697646868
2023-01-19,98508.66467625018,100380.58825797614,,101286.36895708018,92216.3897788827
2023-01-20,99066.72747505504,100622.40507260578,,101553.12636597916,93934.29494046952
2023-01-23,99423.3256529169,100714.55748993256,,101669.6747837985,95061.37360311284
2023-01-24,99398.90658782136,100784.38668732032,,101709.65564943124,94959.34332417882
2023-01-25,99417.67521871075,100673.52547180858,,101618.59885694667,94994.9352819465
2023-01-26,100085.73062048994,100945.70799212146,,102065.0496375012,96038.96604313186
2023-01-27,100229.36134536094,100729.74060935291,,101780.60115678138,96259.63618129151
2023-01-30,99467.4513872203,100369.42674107221,,101275.23958736857,95051.88241437478
2023-01-31,100357.8010857406,100984.96569566261,,101917.38323916531,96449.45995605248
2023-02-01,101006.59101400657,101119.55187734282,,101943.37547302835,97474.50833976176
2023-02-02,101914.84378760953,100861.6290954213,,101645.72937361989,98893.44105610004
2023-02-03,101267.31986030961,100363.17379508258,,101260.86575449481,97842.29190336114
2023-02-06,100911.88214724125,100437.75000629123,,101234.78896686247,97244.34701286405
2023-02-07,101681.61830952292,100659.37413573067,,101657.47818507548,98516.16630376258
2023-02-08,101037.05441692777,100110.21594917182,,101186.71757652149,97438.91638199403
2023-02-09,100543.20275887243,99614.40018847508,,100705.92118072117,96594.20058430769
2023-02-10,100683.83975422119,100513.15816442335,,101653.93594351021,96819.61631683636
2023-02-13,101414.4363578006,100947.31384412649,,102026.08876642477,97956.1861682177
2023-02-14,101385.85649630481,100754.76605286529,,101913.29048788919,97911.10302171197
2023-02-15,101596.04328632106,100745.53655214846,,101874.13963857279,98229.0578444366
2023-02-16,100761.00685154609,100264.70494358346,,101398.6027308163,96876.56344926463
2023-02-17,100611.13191070997,100368.25745945681,,101213.07550867087,96634.53813644439
2023-02-21,99375.25755225276,99533.60483809614,,100439.3222912409,94695.9628366979
2023-02-22,99304.01374426836,99396.7385255792,,100365.89029908492,94565.45899154975
2023-02-23,99640.06663654088,99502.35922904669,,100567.48929834439,95068.49199466634
2023-02-24,98992.53193715004,99282.4240949082,,100441.90243296504,94052.93479969511
2023-02-27,99203.16159689656,99209.60262742337,,100501.50255180581,94373.26241960427
2023-02-28,98982.84727175014,98681.11095720012,,100132.45936638158,94024.46123348096
2023-03-01,98752.56983163975,98558.65031874036,,100270.13758774834,93663.79606143512
2023-03-02,99235.40448726922,99211.18153508229,,100861.31047714081,94392.24479708038
2023-03-03,100290.57588085567,99954.6880665414,,101551.10721330893,95906.08940079917
2023-03-06,100340.14775305131,99949.39567444201,,101421.7715009856,95972.52772196551
2023-03-07,99325.23011126668,98987.12848713936,,100513.10718043987,94501.39346756793
2023-03-08,99439.5791892098,98801.77383643741,,100406.9652588858,94655.62528456125
2023-03-09,98236.36545089966,97840.49314002338,,99393.45929223903,92909.24655676025
2023-03-10,97808.5351675874,97188.00677929964,,98651.3001371491,91568.61614751087
2023-03-13,97781.6682365063,96798.77709771055,,98028.3014302253,91438.11230236269
2023-03-14,98274.03986662097,97324.4995750663,,98550.65474516877,92949.58410889698
2023-03-15,98127.19506347609,96435.01799439012,,97497.0847956731,92368.24879869148
2023-03-16,98673.66936375794,96918.40767197189,,97977.16753390773,93988.86927571332
2023-03-17,98015.76691054388,96230.92101447607,,97295.28048690222,92894.10905984197
2023-03-20,98556.66544385107,97027.35774638627,,98110.67520319452,93787.34455042995
2023-03-21,99293.0341565666,97104.3598345171,,98442.90407025094,95018.81854678725
2023-03-22,98339.24288020501,96191.67588654273,,97535.52246970889,93399.08485718771
2023-03-23,98508.99022144737,95870.59169644518,,97201.53252301569,93651.57275586057
2023-03-24,98886.0676793084,96756.04746473796,,97963.19080929851,94266.11877338511
2023-03-27,98986.63988901269,97099.54662323683,,98394.32513414681,94442.38391019446
2023-03-28,98869.50061070164,97259.01402489412,,98611.37094663837,94230.38935376158
2023-03-29,99687.21609684467,97770.28463656592,,99124.93191964303,95600.01710599649
2023-03-30,100012.96553862022,97995.1233407495,,99355.69164438445,96159.77801343161
2023-03-31,100768.87652671893,98584.1638258881,,99909.03857221911,97515.1139978171
2023-04-03,100988.54693546065,99115.93076498079,,100637.7196284946,97886.69996190172
2023-04-04,100689.18100697233,98637.39288868601,,99998.12743853808,97343.61278362424
2023-04-05,100571.08546682585,98782.83363301159,,100057.30494889327,97088.74292364312
2023-04-06,100800.45869906747,98731.53259735402,,99935.4494958377,97467.4747716524
2023-04-10,100864.83110870652,98889.14982411108,,100171.53733806136,97567.51714659826
2023-04-11,100885.12352722288,99192.36805149885,,100511.56655471661,97593.71872098884
2023-04-12,100657.10547439492,99070.06608516721,,100467.65476533929,97195.93118251364
2023-04-13,101452.0221994032,99491.49998522887,,100907.98424303636,98486.9542115768
2023-04-14,101273.19620985167,99247.76515515712,,100736.23646675864,98246.37611944509
2023-04-17,101533.20830450454,99461.56661481064,,100858.6943750748,98598.90639306381
2023-04-18,101582.73016074234,99651.599748804,,101041.10392987782,98663.21934838613
2023-04-19,101574.12015683942,99622.66248280492,,100992.38240742813,98646.54561922849
2023-04-20,101211.21830002117,99515.40894309685,,100840.4718528694,98108.22236356747
2023-04-21,101269.37945650722,99597.68875258235,,100861.28096278438,98184.44512543098
2023-04-24,101362.57859007464,99811.83690315815,,101097.58020845811,98286.86946168508
2023-04-25,99963.75506200797,99129.45145506442,,100380.1366202494,96726.6848047914
2023-04-26,99598.9056662458,98632.17245367389,,99996.11122782984,96316.98745977505
2023-04-27,101325.19893457586,99312.78548731068,,100621.27273162636,98234.46631290391
2023-04-28,101988.73101584625,99782.8775956323,,101099.12667285273,99072.91669340248
2023-05-01,101909.93130077508,99835.71750088992,,101098.46565465751,98972.87431845661
2023-05-02,101019.62639361668,99135.73429026645,,100297.55393982516,97860.49838751105
2023-05-03,100486.22606459269,98855.77137119645,,99972.93458502617,97188.78529858889
2023-05-04,99943.62656002039,98411.31392289362,,99530.5691657607,96500.39848050907
2023-05-05,101436.77620343237,99209.31489356884,,100406.197066732,98286.86946168504
2023-05-08,101460.71673510238,99089.76900957749,,100315.93606003844,98313.07103607563
2023-05-09,101104.42326649003,98939.41741340606,,100168.43022140412,97881.93603928517
2023-05-10,101487.13865902497,98938.85444669476,,100158.06464905907,98339.27261046623
2023-05-11,101357.48799694389,98782.98389989154,,99958.30567959354,98167.77139627333
2023-05-12,101264.49518819425,98777.46329344057,,99966.94268756176,98039.14548562866
2023-05-15,101516.66063276386,98957.08410432951,,100174.12677891139,98377.38399139798
2023-05-16,101029.98959737386,98528.91647214172,,99724.86307715268,97719.96267032523
2023-05-17,101910.36533789922,99083.44684655197,,100335.10862016688,98906.17940182607
2023-05-18,102626.00976543051,99542.70474281108,,100845.65057765646,99858.96392511991
2023-05-19,102519.58726856687,99615.58449186441,,100947.57952984044,99713.6642853176
2023-05-22,102552.47230008926,99420.689788162,,100774.17809686268,99754.15762755762
2023-05-23,101732.22235777267,98957.28806525275,,100404.84130354492,98634.63581268734
2023-05-24,101236.16871073931,98571.48733166272,,100092.75647261285,97920.04742021696
2023-05-25,101845.52122633341,98644.09133735858,,100188.15080494917,98768.0256459485
2023-05-26,102736.71566834378,99322.14010883105,,100957.3088238803,100047.1388684705
2023-05-30,102766.63568401827,99204.74930714323,,100969.72549084616,100085.25024940225
2023-05-31,102392.14643924274,98964.9548981339,,100699.44958496818,99530.25326458357
2023-06-01,103145.18279510645,99369.06833180539,,101171.14236574827,100475.89190395272
2023-06-02,104289.6275302476,100164.16279521307,,101862.68994758508,101928.88830197587
2023-06-05,104136.64892642631,100019.97477454995,,101744.47373044565,101733.56747470061
2023-06-06,104315.56749337482,99957.4760072841,,101720.18353010381,101955.08987636643
2023-06-07,104042.13623363628,99907.20983142084,,101539.44384675888,101602.55960274773
2023-06-08,104589.52217663944,100261.90293088315,,101898.42885373323,102217.10562027224
2023-06-09,104753.5898210754,100279.1439039277,,101947.75811616502,102400.5166410063
2023-06-12,105578.17934647603,100666.762789399,,102428.45562800174,103329.48155121782
2023-06-13,106184.12503034665,101044.88539213869,,102765.67603500749,104010.72248537291
2023-06-14,106296.74777583382,101064.75395229632,,102832.93911160015,104134.58447340112
2023-06-15,107444.32437042364,101910.61238798371,,103608.9829874042,105425.60750246428
2023-06-16,107130.17600101304,101786.42727061613,,103427.97807844996,105067.92433194745
2023-06-20,106651.92288644802,101450.51535983507,,103240.2157692338,104522.81245037272
2023-06-21,106178.64040740886,101414.18996420343,,102962.24487733921,103987.26393514137
2023-06-22,106516.79355406898,101634.20517321715,,103259.3944947947,104362.62606412047
2023-06-23,105820.91689402754,101220.76438351281,,102875.10932477229,103573.6483407886
2023-06-26,105431.03194151288,101346.98264393282,,102677.63008836126,103150.46938009243
2023-06-27,106473.90262298952,102025.48311054378,,103270.15111909919,104281.33745020145
2023-06-28,106523.4078033625,102184.83294002971,,103368.67222444543,104333.93596509022
2023-06-29,106904.85748192976,102499.55342356177,,103567.61709276568,104745.16071785716
2023-06-30,108044.05974182118,103014.65483456208,,104132.06962581146,105981.22581774375
2023-07-03,108161.01664428256,103175.2465562829,,104272.92433102925,106103.15873862233
2023-07-05,108007.93927339814,103028.02609991602,,104181.5917460757,105945.36319395593
2023-07-06,107201.86027644844,102474.03530587161,,103640.0722401978,105115.74116366456
2023-07-07,106943.9295315318,102687.92284625841,,103814.14059840515,104850.35774763474
2023-07-10,107203.47148099873,103037.76952882625,,104073.03133122333,105115.74116366456
2023-07-11,107883.77302739795,103696.1750451941,,104687.6030141589,105785.1768077037
2023-07-12,108751.79777986718,104046.82534094647,,105096.021558124,106636.31641226778
2023-07-13,109614.94598878322,104309.29270923139,,105464.42872266956,107482.67433366016
2023-07-14,109546.67437903844,103891.41660856988,,105093.78173217407,107415.73076925623
2023-07-17,109927.04477618789,104044.2659697789,,105250.00838121834,107788.7020566495
2023-07-18,110743.86582134855,104400.13564156872,,105628.9305809863,108589.63398791064
2023-07-19,110990.13127078504,104494.13183013439,,105733.44843908929,108831.1089880819
2023-07-20,110253.77319425216,104164.70602178702,,105186.07425263104,108109.07482915395
2023-07-21,110253.77319425216,104090.74477884066,,105114.99793877316,108109.07482915395
2023-07-24,110746.30409312515,104339.74106010959,,105382.49552740142,108592.02482949648
2023-07-25,111048.64979342342,104682.32887393818,,105770.72115147606,108888.4891861424
2023-07-26,111065.71769585961,104804.82015215913,,105841.17072596912,108905.22507724336
2023-07-27,110329.35961932673,104540.06079570459,,105702.66253945137,108183.1909183154
2023-07-28,111409.51401636007,104972.43494892,,106315.1349165355,109242.33374084882
2023-07-31,111621.64366092418,105277.88128497955,,106621.41604462557,109450.33695881812
2023-08-01,111302.23005818971,105253.98908539888,,106504.17923233504,109137.13671107122
2023-08-02,109753.92748004936,104523.43833209436,,105629.13781591669,107618.95230405383
2023-08-03,109439.39042086808,104387.3908794818,,105648.7802368742,107310.53373947863
2023-08-04,108944.42125021848,104171.15894533896,,105412.09315296827,106825.19289755021
2023-08-07,109895.34724309207,104621.03788513591,,105818.62386391786,107757.62111603333
2023-08-08,109417.44597487866,104384.2422412797,,105609.89537056701,107289.01616520592
2023-08-09,108685.96444189896,104309.69357427802,,105448.58718134636,106571.76368944967
2023-08-10,108724.97679032454,104308.01438615263,,105492.0629867575,106610.01715482332
2023-08-11,108661.58172413295,104382.73104585233,,105520.32879260866,106547.85527359109
2023-08-14,109261.39658117629,104510.60450144236,,105754.92453685134,107136.00230371123
2023-08-15,107988.61871379163,103749.74891529849,,105031.20152449173,105887.98299589535
2023-08-16,107196.18038639695,103366.38667962833,,104593.81059720127,105110.95948049276
2023-08-17,106379.3593412363,103183.87091640818,,104412.27355680005,104310.02754923161
2023-08-18,106430.56304854486,103289.3685491534,,104493.73456642384,104360.23522253455
2023-08-21,107123.03223309897,103353.99980034433,,104698.27898130308,105039.23423291712
2023-08-22,106832.8778916837,103226.13878232642,,104576.91955692036,104754.72408420048
2023-08-23,108022.754518664,103627.40552277668,,105047.21674284317,105921.45477809734
2023-08-24,106640.11258266239,103054.51825529305,,104371.945424196,104453.47804438288
2023-08-25,107335.53037431605,103420.54686229519,,104722.87628947863,105189.85725282597
2023-08-28,107965.32138135371,103862.72242731776,,105183.34404215,105856.90205527926
2023-08-29,109404.26247313622,104482.54094251321,,105910.1219836852,107387.04067022595
2023-08-30,109821.85194929002,104691.1455082728,,106113.24047978038,107829.34636360894
2023-08-31,109705.1614334814,104699.42924335107,,106190.50609895539,107671.55081894259
2023-09-01,109867.89599643227,104860.36422882543,,106242.83905552006,107872.38151215434
2023-09-05,109504.76289299472,104328.4529235482,,105927.10732685031,107406.16740291278
2023-09-06,108933.45850902285,104049.2084119273,,105622.50306995388,106684.13324398482
2023-09-07,108687.22853663388,103799.84087244289,,105369.95080776047,106356.58794672278
2023-09-08,108824.80440380826,103906.69420583751,,105492.54194163819,106516.774332975
2023-09-11,109438.10602479929,104030.37633736787,,105620.51338106437,107217.29091763028
2023-09-12,108928.79588097964,103924.37407377781,,105517.57234410736,106629.14388751014
2023-09-13,109039.33213556216,103771.05915898168,,105367.45057312006,106753.46764997457
2023-09-14,109850.11438667495,104397.41314303281,,106004.62054671248,107673.94166052844
2023-09-15,108681.30363074163,103727.69158938702,,105314.15806412074,106381.25402027988
2023-09-18,108739.1782723605,103853.76866516194,,105438.49659448545,106443.63786683077
2023-09-19,108540.48077165594,103701.39052637112,,105289.00965790603,106222.89502518914
2023-09-20,107656.65152728076,103147.1628750656,,104715.2514964115,105246.34788879618
2023-09-21,106084.84008567891,102341.2314612048,,103899.12840798662,103506.79832151147
2023-09-22,105899.17390977046,102320.25005522065,,103884.69435680186,103274.05858630234
2023-09-25,106241.32911320371,102652.55882105663,,104225.10538925597,103708.34613344517
2023-09-26,105054.49301414413,101964.5985231131,,103533.78002882453,102184.74065037508
2023-09-27,105094.62401733545,102396.78403831835,,103958.09861604321,102225.53008850453
2023-09-28,105567.16213530405,102786.69160214972,,104361.25229549571,102818.17663073809
2023-09-29,105325.30815083107,102452.47155551617,,104033.45944608918,102568.6412445345
2023-10-02,105288.31273312347,102173.86777213965,,103760.88124125448,102527.85180640507
2023-10-03,103999.0977129681,101727.16980812818,,103310.26935916937,101155.40718228524
2023-10-04,104693.8293117254,101811.34985106699,,103461.37989891214,101892.01644732857
2023-10-05,104663.45493135802,101574.3206672321,,103300.050663667,101853.62638791262
2023-10-06,105721.93383963025,102270.3686509744,,104016.43977935342,103062.91325951471
2023-10-09,106301.93015597133,103127.53399644964,,104768.00653135846,103722.74240572617
2023-10-10,106774.6660484061,103459.12471489451,,105058.9001953886,104262.60261626281
2023-10-11,107151.76697741507,103775.53415936398,,105411.88192911904,104689.6920272651
2023-10-12,106600.43832861295,103184.73735047811,,104906.20913464634,104051.45728947513
2023-10-13,106191.64222564298,102634.37562454486,,104312.00123020208,103533.19148735996
2023-10-16,107056.44346700997,103343.70444308693,,105026.2861671774,104622.50942328724
2023-10-17,107055.32231924526,103584.38016456459,,105193.90510081836,104617.71066586023
2023-10-18,105957.217076285,102256.72117789439,,104039.13294099107,103223.67163331895
2023-10-19,105249.38486197985,101660.21992775933,,103527.46340905834,102316.70647961741
2023-10-20,104256.64497098638,100855.41388498493,,102710.01385163845,101059.43203374541
2023-10-23,104119.80701196466,100605.07033714508,,102556.87192680966,100884.27738766019
2023-10-24,104728.14120551808,100879.66509604637,,102833.44358941751,101644.88043983845
2023-10-25,104260.61800280953,99945.66645965943,,101763.53014127917,100186.0581820328
2023-10-26,103917.89523422744,99655.25815950293,,101362.16269014744,98986.36882528469
2023-10-27,103800.3612731058,99492.93435052923,,101262.60613026746,98537.68500586091
2023-10-30,104180.57977665363,99821.17382634751,,101612.10440661502,99715.77995418753
2023-10-31,104376.8631183248,100012.50229972783,,101797.88046222084,100342.01779841002
2023-11-01,105141.49809800294,100231.24584927663,,102108.10203910802,101412.14070462932
2023-11-02,106556.58571458222,101434.37876226199,,103216.33415845946,103355.63746256122
2023-11-03,107237.80914513646,102191.95222043691,,103971.0337453915,104298.59329696522
2023-11-06,107413.33474828476,102097.59337448602,,103947.23286251786,104538.53116831482
2023-11-07,107633.55468603391,101969.24671677273,,104022.67485843878,104836.05412878835
2023-11-08,107687.97580677508,102048.36884520267,,104070.98152882869,104912.83424762024
2023-11-09,107150.77179277365,101731.62209310527,,103691.3301804582,104094.64610631802
2023-11-10,108263.70935378695,102690.95959865412,,104691.06313990527,105719.02549535494
2023-11-13,108199.24344382761,102655.10520078201,,104741.93659690667,105618.2515893881
2023-11-14,109595.47390819446,104107.52058738071,,105984.79587123595,107667.32101071386
2023-11-15,109740.00713318626,104309.07242189514,,106089.95276168505,107895.261988496
2023-11-16,109839.44820452838,104023.3957496209,,105853.39866129152,108027.22781773828
2023-11-17,109930.67156504432,104533.30526688084,,106265.30398611295,108161.59302569406
2023-11-20,110435.8772954171,104896.47877298832,,106737.60065943375,108994.17743927723
2023-11-21,110306.74685869423,104739.74482811833,,106521.17675302694,108756.63894664112
2023-11-22,110611.22589783705,104945.59416283184,,106772.34614678328,109176.53022150295
2023-11-24,110662.0763809428,105042.91747882382,,106806.57063974216,109243.71282548086
2023-11-27,110527.73683972558,104815.39224369607,,106624.59481922952,109046.96377097417
2023-11-28,110610.942086826,104863.46363955032,,106739.93693880405,109154.93581308151
2023-11-29,110560.75526178867,104805.53355835684,,106571.58018573646,109078.15569424964
2023-11-30,110944.74795151575,105146.09905703967,,106747.61297933754,109507.64448396544
2023-12-01,111535.63469164778,105828.50631613408,,107280.36601643244,110155.47673660943
2023-12-04,111010.65691050506,105563.11185241162,,106888.94301780836,109577.22646665687
2023-12-05,110993.55090391361,105113.88513649609,,106595.11687872406,109555.63205823538
2023-12-06,110593.75649666406,104973.07744168697,,106329.42978792496,109114.14637495208
2023-12-07,111431.87176164793,105361.16043836414,,106821.83536011168,109946.73078853528
2023-12-08,111910.93421362716,105759.15609701835,,107276.81111678021,110419.40839509401
2023-12-11,112346.22446187225,106053.05039732208,,107490.22925917004,110848.89718480982
2023-12-12,112859.33196120027,106146.89594968487,,107557.23343608483,111355.16609335752
2023-12-13,114415.6769828587,106948.5634635324,,108362.42523459054,112890.76846999506
2023-12-14,114782.87713640623,107861.27192465808,,109204.04538155645,113253.07465573295
2023-12-15,114594.6744124098,107738.78171205444,,109172.36144637222,113067.38025877294
2023-12-18,115239.27403410194,108041.70486566654,,109522.73628912031,113703.38878983461
2023-12-19,115940.03195616875,108598.76028868387,,110041.99761817094,114394.80715504175
2023-12-20,114333.41623240581,107500.88671441693,,108993.96130834849,112809.60407383509
2023-12-21,115417.51559616074,108295.60145996966,,109806.07073082606,113879.25478516605
2023-12-22,115649.47379336056,108413.05483368723,,109824.85334574291,114108.1214914193
2023-12-26,116137.80684009701,108791.59017533285,,110161.46909896759,114589.94613616295
2023-12-27,116347.79005019367,108918.10763114001,,110277.2707089072,114797.13073340272
2023-12-28,116391.74002439994,109006.89943300071,,110330.55826488142,114840.49495142965
2023-12-29,116054.79022215179,108773.14160226335,,110027.90306964378,114508.03594655651
2024-01-02,115405.3072699923,108112.80626564364,,109270.00814648069,113867.20916904745
2024-01-03,114462.82448979096,107206.53317791848,,108427.77388736756,112937.28760469217
2024-01-04,114094.13303950493,106994.73615606433,,108161.68611557878,112573.50999791067
2024-01-05,114250.3996144606,107098.91267802188,,108283.30688702055,112727.69388422868
2024-01-08,115881.43199056036,107979.81853516035,,109257.43926263072,114336.9881976725
2024-01-09,115713.99858460022,107672.48707227762,,109057.0287567674,114163.53132556478
2024-01-10,116328.11225420021,108092.20959873157,,109534.9140913869,114809.17634952131
2024-01-11,116284.20653240079,108018.52081764062,,109475.46426205763,114758.58476182324
2024-01-12,116361.23124421871,107982.8830469907,,109398.69313829913,114838.08582820592
2024-01-16,115962.22153562968,107579.65573532028,,109093.50585635341,114416.48926405521
2024-01-17,115313.92722415847,107191.5992254049,,108690.52725083902,113780.48073299356
2024-01-18,116339.39567435106,108018.33915663557,,109474.02177903432,114792.31248695526
2024-01-19,117789.70105390917,109047.69094362302,,110476.410171369,116223.33168184393
2024-01-22,118038.74339181308,109392.88704189869,,110692.39670331728,116469.06225066318
2024-01-23,118383.00780009205,109533.50736490685,,110876.33747203561,116808.74862520749
2024-01-24,118512.41215214015,109592.07679001486,,110983.83819206829,116936.43215606455
2024-01-25,119156.99232083265,110055.89496280665,,111337.21027022834,117572.44068712617
2024-01-26,119005.61364485185,110076.11484474629,,111316.67591512624,117423.07504725567
2024-01-29,119948.0679824098,110663.16080695837,,111929.32467684823,118352.99661161094
2024-01-30,119855.28750358285,110799.34076866231,,111894.94767333158,118261.44992910963
2024-01-31,117899.57267357268,109580.69652182664,,110599.47174003074,116331.74222691124
2024-02-01,119281.19190554875,110535.82689604141,,111784.22321399472,117854.30810430124
2024-02-02,120408.2527180808,111599.84316364041,,113010.24445349227,119095.00656451621
2024-02-05,120015.70231906457,111219.91452515034,,112537.42778661517,118661.3643842469
2024-02-06,120330.42767600705,111670.3679299003,,112848.5305412497,119005.86900523864
2024-02-07,121230.40035485323,112283.4215608234,,113502.24989609742,119998.42777341061
2024-02-08,121283.88968658076,112405.82987368193,,113679.38613533089,120051.42848433241
2024-02-09,121928.58174301869,112741.22031824602,,114061.52036372591,120745.25597276329
2024-02-12,121881.44169775804,112728.00200723243,,114025.61098978405,120692.25526184149
2024-02-13,120336.3678087056,111507.17276049058,,112833.43080227853,119029.96023747581
2024-02-14,121344.99538258613,112601.59335969984,,113883.48567441582,120111.65656492538
2024-02-15,122120.88363773865,113224.54284839607,,114446.52569923781,120940.39495388449
2024-02-16,121616.30849378122,112758.80425582272,,113885.2193516804,120338.1141479549
2024-02-20,121064.22533572114,112284.64518003627,,113421.96318948302,119675.60526143237
2024-02-21,121157.30054924772,112429.6728406253,,113528.763231448,119784.01580649971
2024-02-22,123244.7395774232,114006.09556448321,,115080.55103593046,122263.0036037059
2024-02-23,123317.42637344607,114131.6515514903,,115089.11873323629,122347.32291653605
2024-02-26,122979.628703402,113885.72012114577,,114812.83281124211,121899.22599692442
2024-02-27,123154.71822231889,114115.73570636666,,115089.53020539224,122125.68357995394
2024-02-28,123038.58595336312,114178.32433384279,,115085.8977886784,121964.2723239648
2024-02-29,123378.02673396215,114600.26361425452,,115579.46176292875,122402.73275068155
2024-03-01,124238.67197167629,115431.973246039,,116373.36487419932,123551.88452839523
2024-03-04,124124.13501563395,115033.94138771988,,115934.95058395443,123419.3827510907
2024-03-05,123092.24400171956,113955.26943221864,,114845.05563291891,122185.91166054693
2024-03-06,123615.6110746038,114339.6045437388,,115167.24400141671,122805.05632904255
2024-03-07,124645.40229437803,115242.89504379017,,116110.5972294786,124024.07268024402
2024-03-08,124025.36414987045,114837.88528183356,,115680.25944581293,123279.65360411508
2024-03-11,123938.93496151947,114628.77680844965,,115493.6714804948,123173.65218227146
2024-03-12,125054.79675564583,115365.724379473,,116274.49218193305,124498.66995531654
2024-03-13,124896.3749725555,115417.16149365349,,116255.99843751361,124303.53097419538
2024-03-14,124710.6090775532,115055.42288023543,99625.90204901807,115924.23186096716,124057.80040537608
2024-03-15,124035.56248899753,114595.63004014891,99227.92755723155,115336.24464585888,123208.56929153905
2024-03-18,124625.97277569171,115150.34946433292,99705.81106945848,116008.61427147008,123940.81722703394
2024-03-19,125183.59291095941,115684.20678252053,100161.18377111918,116480.07913402788,124629.5652851727
2024-03-20,126206.96589246966,116779.75366893141,101096.14944800865,117557.23554277876,125782.31203511021
2024-03-21,126581.73476383724,117354.20279791197,101604.67571723873,118005.06349897549,126197.97752984661
2024-03-22,126370.32596664155,116896.7048360422,101191.47228309559,117635.35712154863,125958.72820438787
2024-03-25,126063.59427318834,116423.13054267094,100790.26723272225,117226.87416453745,125610.72918553879
2024-03-26,125858.51582566072,116345.82442694815,100720.55014336525,117139.74591686275,125378.72983963942
2024-03-27,126909.06809957375,117414.17908122335,101626.10813327746,118027.82993295492,126432.3935355991
2024-03-28,126884.81038829453,117501.15112564038,101696.1100690798,118006.9543564234,126408.22693706793
2024-04-01,126664.06521565348,117178.16133379145,101425.89352585502,117837.11278027858,126188.31089043412
2024-04-02,125858.70920118291,116575.47189757333,100914.39395147198,117214.03351939376,125385.97981919881
2024-04-03,125996.97815547453,116839.70236137841,101140.95420145046,117492.94108948752,125523.72943082654
2024-04-04,124459.03926037106,115747.75666501657,100214.69915954994,116434.76204754126,123991.56708394946
2024-04-05,125759.25258493805,116769.21875359779,101083.4327571211,117318.67517396277,125286.89676522095
2024-04-08,125829.59994764785,116923.20762500732,101210.41255129954,117515.13303833836,125356.97990096139
2024-04-09,125975.14621532327,116828.43048382454,101134.68736597343,117567.14616682199,125501.97949214854
2024-04-10,124713.74522880303,115712.18848208041,100191.14267964188,116538.59478103605,124245.31636852691
2024-04-11,125654.94442643735,116037.18168458817,100478.98405847547,117084.61528050108,125182.98039153688
2024-04-12,123920.51806997205,114753.30153980196,99389.73882528924,115815.81915346021,123455.06859655718
2024-04-15,122499.66152271141,113816.85737900157,98590.44569218905,114778.15894706955,121908.40629056134
2024-04-16,122296.77971138383,113491.65661076145,98318.66890444422,114491.69250399468,121686.07358407446
2024-04-17,121636.90985320817,113136.89281145248,98010.19428512684,114105.67221480554,120965.90894784518
2024-04-18,121414.0691267114,112961.93962570309,97856.3241432104,113905.64048573069,120716.99298297396
2024-04-19,120447.34957876152,112790.50981338325,97695.80266719295,113427.6755542207,119663.32928701433
2024-04-22,121462.67558085627,113550.26841014354,98339.00226096011,114016.20256049036,120765.32618003633
2024-04-23,122739.18375135424,114624.7785447738,99255.39298837393,115077.19968976731,122198.40547293557
2024-04-24,122687.58281842715,114565.52592116992,99204.75125115803,115189.44442310605,122140.40563646075
2024-04-25,122282.39475071085,114103.94407444443,98816.7305150503,114522.80879318921,121676.406944662
2024-04-26,123308.52988457975,114752.25105518816,99377.54605864095,115343.07842421932,122829.1536945995
2024-04-29,123698.40602671735,114975.42410967454,99570.81800143361,115713.41276602208,123264.15246816084
2024-04-30,122130.71878162221,113522.12059363782,98312.23060315535,114118.3503644168,121311.4913068411
2024-05-01,121818.67181916791,113455.07381331659,98254.16686638164,113950.64010798548,120917.5757507828
2024-05-02,122680.1985706791,113524.84146840173,98314.58693041414,114022.58246105605,122048.57256204225
2024-05-03,123815.12617840673,113583.90502348615,98365.73704827079,114081.90497578452,123561.40163009442
2024-05-06,124766.52241102944,113618.25335480056,98395.48333076938,114116.40390473293,124837.39803254096
2024-05-07,124872.45166963538,113698.00652506702,98464.5510333948,114196.50674668026,124975.14764416871
2024-05-08,124888.42116285744,113703.56138228525,98469.3616412389,114202.08595874549,124987.23094343429
2024-05-09,125416.26318935902,113864.8794255926,98609.06601419413,114364.11128868695,125707.3955796636
2024-05-10,125530.79406317498,113891.54533803435,98632.15918158308,114390.89411578419,125869.31178982255
2024-05-13,125550.7351593976,113883.7276029252,98625.38888014026,114383.04210441283,125886.22840879436
2024-05-14,125963.13222854483,113919.27830249727,98656.17643551852,114418.74867331065,126463.81011368967
2024-05-15,127073.01177768457,114013.4243895847,98737.70866708469,114513.30753672293,128029.80569851046
2024-05-16,126857.56061105012,114102.04760761165,98814.45799313583,114602.31931647735,127766.38977452055
2024-05-17,127011.36424579161,114122.32627445253,98832.0196891327,114622.68689358345,127950.05592335753
2024-05-20,127139.08768656812,113901.0477917523,98640.38848012267,114501.30030753936,128097.47217439773
2024-05-21,127408.47458458268,113891.223979131,98631.88087890118,114474.3767494879,128411.63795530313
2024-05-22,127097.814113048,113465.71365673842,98263.38116518612,114066.19693153443,128041.888997776
2024-05-23,126313.50485913402,112340.62705855553,97289.03561463908,112975.9756157949,127106.64163461915
2024-05-24,127032.2017584162,113007.07761699252,97866.19397500124,113655.61795738402,127947.63926350439
2024-05-28,127109.18210832459,112759.38995103256,97651.6919307646,113511.68909088982,128037.05567806974
2024-05-29,126283.60863989021,111702.07111335827,96736.03449900658,112477.20211799486,127140.47487256282
2024-05-30,125506.6955543781,111618.3080030012,96663.49411499685,112260.649326552,126297.06058382447
2024-05-31,126571.39990864381,113104.69884618738,97813.281120947,113729.71587192953,127447.39067390884
2024-06-03,126668.80515508418,112243.00319219226,97103.01502848597,112794.4205018076,127551.30704759293
2024-06-04,126805.94493098234,111854.72809994147,96892.42758834487,112320.1224418896,127693.8899789269
2024-06-05,128313.0539492578,112472.34802368529,97653.69378436674,112956.59625958416,129211.55236668528
2024-06-06,128310.65409413315,112503.69773498592,97578.97654812702,112967.99725031045,129209.13570683217
2024-06-07,128154.66351103141,112468.17516780017,97554.69865805382,112904.9157938445,129052.05281637948
2024-06-10,128550.63960659741,112680.43518047068,97739.6728041796,113147.8576272188,129450.80169214403
2024-06-11,128860.2209176763,112574.22923367762,97646.18691324945,113178.09349574267,129762.55081319631
2024-06-12,129918.5570276436,112899.16158131666,97907.72512969802,113542.9057606423,130828.29780842156
2024-06-13,130180.14123622964,112525.51932686575,97581.69028775823,113196.50855120165,131091.71373241147
2024-06-14,130259.33645534283,112199.05859757439,97302.97745176188,112923.67092021983,131171.4635075644
2024-06-17,131296.07386918837,113064.93556286808,98037.45782694507,113786.54746825303,132215.46056411156
2024-06-18,131629.65373151368,113339.1618808751,98270.59062139937,114019.41174937635,132551.37628369505
2024-06-20,131272.07531794196,113732.96101240037,98622.1383355802,114379.00687275009,132191.2939655804
2024-06-21,131096.6516679829,113575.36380626477,98487.22955497856,114239.70345697299,132014.6419303011
2024-06-24,130670.5050894952,114063.74314397156,98925.22397225177,114619.23546148256,131585.51130603958
2024-06-25,131173.69511720102,114241.06398401661,99080.07627313302,114945.57783623472,132092.2248680207
2024-06-26,131337.4124467895,113814.62530070606,98711.13257745052,114536.15290615657,132257.08861067484
2024-06-27,131544.46671656318,113973.16237859215,98849.13068503978,114710.7147994996,132465.59275579627
2024-06-28,131026.831042129,113961.68353989015,98831.36179095635,114673.53817822364,131944.33239299274
2024-07-01,131296.4831143924,113821.4974987519,98701.27077356423,114581.61637855027,132215.8726750113
2024-07-02,132180.07517261262,114481.35513391093,99280.14215474797,115206.46530816104,133105.6519919829
2024-07-03,132769.9390806888,114811.85145441841,99572.81708542982,115598.4123151808,133699.64635889858
2024-07-05,133535.5583572938,114846.26529632966,99609.77623142503,115664.09287259619,134470.62680248704
2024-07-08,133689.64525573002,114635.99438113847,99421.33133397518,115465.14563976297,134625.7926779262
2024-07-09,133819.65607628558,114934.42366862469,99386.08436080808,115681.39237534709,134756.713885328
2024-07-10,135143.8403597219,115927.34723773057,100099.1647567165,116624.19608083242,136090.17062738354
2024-07-11,133978.55819029792,115974.48202207047,100124.409517866,116380.63890858133,134916.7286943747
2024-07-12,134823.62852390908,116501.88068159486,100580.03069915052,116845.71322532937,135767.71654248648
2024-07-15,135194.40012327122,116856.01131154504,100883.63481031814,117370.24349842445,136141.084430262
2024-07-16,135996.1335166972,118171.6811473686,102022.17211695408,118478.74709063256,136948.43187590656
2024-07-17,134089.30814854894,117367.76912135475,101331.62178011493,117256.58240895483,135028.2541673466
2024-07-18,133058.85201525665,115965.60571296349,100894.97346609547,116300.97024744621,133990.582375347
2024-07-19,132175.2599570364,115563.67947144638,100043.8684082068,115629.0243359805,133100.80305837543
2024-07-22,133537.96596508176,116275.19659128091,100681.72179271413,116417.47327457309,134473.05126929074
2024-07-23,133328.50408752,115841.90440414805,100307.35156333393,115958.81256470273,134262.12265736557
2024-07-24,130306.95631349714,113754.26946765344,98494.76449251306,113764.98874625395,131219.4168186752
2024-07-25,129767.5018552826,113997.56072209954,98706.69296925806,113908.08980801534,130535.71718002127
2024-07-26,130906.77288999426,115458.34133757917,99975.73557955868,115329.16188231517,131997.67066267488
2024-07-29,130966.23625658783,115508.36080242453,99844.94894683133,115357.40417414597,132075.25360039444
2024-07-30,130456.67504381062,115531.67236594833,100179.59273002653,115237.40107986586,131406.10076256297
2024-07-31,132019.01814439427,115574.81814096084,100220.74189299103,115284.95291334532,133542.05601665552
2024-08-01,130654.55148612267,115683.88185663866,100315.31653022305,115393.7430938424,131650.97190974044
2024-08-02,128887.02025914661,115857.92766223478,100466.24040828558,115567.3523871613,129199.835971162
2024-08-05,126130.2996256019,115712.18931043342,100339.86334817219,115421.97955166528,125437.06349176167
2024-08-06,126991.63973582463,115720.512484951,100347.08079171633,115430.2818514031,126593.53415714436
2024-08-07,126552.01841281721,115736.44146226752,100360.8936096808,115446.17087835057,125747.39524264002
2024-08-08,128072.78291133558,115802.9783902002,100418.5911288113,115512.54092960483,128654.33094032109
2024-08-09,128378.57416828205,115862.02119527693,100469.79011682111,115571.43565349566,129221.65617239563
2024-08-12,128433.77678958855,115918.25089328852,100518.54971810612,115627.5243256811,129289.54124290025
2024-08-13,129533.6906532561,115978.85866211762,100571.10576495295,115687.98008834665,131415.79862977786
2024-08-14,129726.53390961906,116003.08945208069,100592.11750250802,115712.15010673716,131830.38245321694
2024-08-15,130761.63217291665,116035.92279034578,100620.58894267707,115744.90109797179,134089.98551430015
2024-08-16,130935.49820262889,116159.62474616837,100727.85713470686,115868.29280545344,134390.61939796354
2024-08-19,131514.00468955218,116188.64627529278,100753.02316331503,115897.24154768292,135675.58680394434
2024-08-20,131430.61978698126,116257.77704360994,100812.96993199545,115966.19893388955,135454.96032480427
2024-08-21,131654.755871869,116330.16623558571,100875.74224383243,116038.40657152722,135920.45795112182
2024-08-22,131177.2834267179,116277.7402750325,100830.28105474635,115986.11209690868,134853.6925574774
2024-08-23,131893.8359417639,116383.22254354856,100921.7500388839,116091.32981262454,136286.55243848616
2024-08-26,131745.49293690154,116436.16999026753,100967.66343487162,116144.14446550536,135961.67388678534
2024-08-27,131849.52754643266,116461.27907378909,100989.4367849773,116169.19057466688,136148.3578306731
2024-08-28,131477.9658752578,116438.11355656816,100969.34879903398,116146.08315728145,135357.98165265477
2024-08-29,131483.7934427812,116422.75219684458,100956.02819085353,116130.76032432436,135370.10398667346
2024-08-30,132141.16704965034,116497.10885853056,101020.50659470241,116204.9304971972,136662.34479306542
2024-09-03,130718.41181435516,116594.47974175635,101104.94178839454,116302.0571712286,133849.96330073013
2024-09-04,130582.96521338054,116670.77886060752,101171.10459461864,116378.16492952383,133575.99855190786
2024-09-05,130420.92376133174,116686.89927063555,101185.0834135224,116394.24490906365,133251.12000020704
2024-09-06,129288.18410565934,116714.81496667642,101209.29051860531,116422.09059167326,131008.48820675
2024-09-09,130057.22922357367,116779.99355421931,101265.81015241619,116487.10570929755,132475.2906230111
2024-09-10,130437.89384017735,116848.94809354859,101325.60410407132,116555.88730850407,133052.31372230055
2024-09-11,131323.0681233996,116803.40484013718,101286.1112567666,116510.45827898441,134417.28853280467
2024-09-12,132059.6380922833,116868.81058070903,101342.82786640189,116575.69997993083,135549.51453015002
2024-09-13,132540.28832728253,117005.98482441861,101461.77855734233,116712.53018638371,136257.4588368413
2024-09-16,132679.56294467524,117071.42565941748,101518.52559912167,116777.80689373922,136458.6895815515
2024-09-17,132718.43243449111,117018.32481045382,101472.47918032657,116724.8392233513,136514.45231803745
2024-09-18,132437.7511645372,116976.63371545533,101436.32673346756,116683.25269091182,136109.5663618133
2024-09-19,134101.42660221917,116985.92489653164,101444.38358422024,116692.52056941789,138432.20555979369
2024-09-20,133947.6453114415,117112.55126378326,101554.1876805909,116818.82935381404,138193.52431881285
2024-09-23,134196.80828622123,117165.48559432189,101600.08970287848,116871.63092341031,138538.85613497248
2024-09-24,134470.55836659783,117185.13177768851,101617.1258973025,116891.22783353987,138935.25814929657
2024-09-25,134269.67676833688,117180.45946371206,101613.07429868777,116886.56723787176,138628.83696030985
2024-09-26,134645.6945541985,117186.48444486356,101618.29886309209,116892.5771081837,139178.44956912732
2024-09-27,134520.6844990881,117249.98399261257,101673.36251698868,116955.91739709798,138976.6006906678
2024-09-30,134905.75362665844,117238.84360398396,101663.70212529354,116944.80494890948,139533.50904208017
2024-10-01,134025.81269523012,117295.47009948287,101712.80580965133,117001.28942340183,138283.50514415023
2024-10-02,134069.92494156133,117111.5916138366,101698.87081304562,116816.23778033532,138341.8710849096
2024-10-03,133899.8222064156,116651.28771083165,101406.07119926109,116344.75036122982,138088.95200828565
2024-10-04,134792.0427001477,117244.76408392953,102213.31150916047,116878.94819446973,139343.81973461222
2024-10-07,133914.57970166203,116049.95630871457,101108.64315830483,115721.29877859374,138084.088179889
2024-10-08,134834.9193127805,116471.79656013504,101729.39820705687,116120.6866429922,139390.02610438
2024-10-09,135750.28441506368,117088.1754686283,102059.7788128142,116448.05870296799,140355.496041108
2024-10-10,135512.72024127704,116569.03307874688,101710.61916923072,115944.6153560032,140109.87270707896
2024-10-11,136324.20182500363,117984.90485051782,102796.15567098718,117245.7137285679,140948.88310549498
2024-10-14,137439.106957428,118699.98138318758,103555.90893460556,118004.17420680121,142101.61043549268
2024-10-15,136371.24423565445,119009.06995254211,103455.67723786109,118389.28722714933,140997.52138946112
2024-10-16,136941.20649938754,119985.4586928085,104430.55582268952,119382.0073648003,141610.36376743458
2024-10-17,136953.5897087986,119561.52467891473,104226.59148064237,118969.0791584591,141622.52333842614
2024-10-18,137463.7808358274,120058.2545231657,104534.47750573074,119454.2329098247,142167.27211884697
2024-10-21,137246.84847087233,119275.23799400854,104108.50750286314,118635.36234162343,141933.80835580945
2024-10-22,137176.97485920083,118984.03993272858,103686.09881992807,118339.67449194282,141858.41901566193
2024-10-23,135921.19997238833,119069.43988530884,103757.88791056012,118355.4405230161,140562.20874796412
2024-10-24,136215.15228984278,118872.96729511145,103586.68041171883,118209.42767252978,140866.19802275256
2024-10-25,136168.11991905008,118148.5621313893,102955.42901881976,117585.01966592418,140817.5597387864
2024-10-28,136589.05963764485,118744.67131507803,103474.8824564374,118110.8872083195,141252.87238028343
2024-10-29,136810.1117803706,118121.30270723607,102931.67497850074,117620.70187343616,141481.47231492432
2024-10-30,136396.22691739473,118341.21282637131,102981.29341135973,117823.0109328631,141053.45541602225
2024-10-31,133722.43663782926,117492.59339862174,101693.83929447408,116953.54765003892,138288.36897254683
2024-11-01,134221.82873153838,117023.69552531926,102085.62171281378,116449.32800866199,138872.02838014057
2024-11-04,133968.69292921788,116709.26994637735,101922.5457029913,116182.64344735986,138572.9029337488
2024-11-05,135405.61928889592,118088.97673618761,102958.72682703754,117556.17630132713,140248.49181638254
2024-11-06,138395.56855759636,121816.28971447369,106636.86058274502,120558.5016085982,143735.85677675522
2024-11-07,139346.4894772794,121370.07331651275,106474.4582074441,120780.42928410193,144847.24156538167
2024-11-08,139797.04268644156,122424.394270805,107063.38830843983,121502.2749554674,145474.675428545
2024-11-11,139890.24962200804,123324.15082485689,107957.28697491372,122042.61915807144,145613.2945378485
2024-11-12,139576.88690576883,122742.36294457888,107611.98847911872,121666.44915021013,145160.95849696334
2024-11-13,139634.64177494842,122916.95787282886,107617.40648037955,121862.97591959874,145231.4840087143
2024-11-14,138978.67965112248,122213.54472673852,106987.91890393451,121124.38130990224,144297.6289565643
2024-11-15,137690.4208758124,122003.76323757402,106903.18127974612,121026.41444047146,142449.37416585072
2024-11-18,138106.6329458575,122701.69673673771,107306.30437630427,121672.43179331253,143033.03357344447
2024-11-19,138487.64865767877,122981.94220129814,107374.03636166432,121890.4597945134,143555.89512608055
2024-11-20,138525.9984130615,122994.48690239983,107403.33575223655,121968.97063210695,143604.5334100467
2024-11-21,139073.36659025183,124327.79191575045,108576.25853324805,123065.13749478511,144375.4502109101
2024-11-22,139400.5340836701,124964.52377367033,109139.50318332613,123466.81245425147,144822.92242339862
2024-11-25,139750.08559813292,125514.90404200379,109729.4460773299,123902.94426367091,145314.16909145666
2024-11-26,140283.19194436105,126163.02186730276,110338.60592337948,124517.97270668973,146072.92632132853
2024-11-27,139985.00928258718,126042.19674271798,110257.29210065093,124211.95736178114,145630.31793723663
2024-11-29,140628.54273512197,126435.49154205454,110374.87298580371,124709.32019687061,146534.9900190069
2024-12-02,140822.8345320752,125446.99375685015,109456.45111610458,124244.26925152351,146797.6367524241
2024-12-03,140873.93767703554,124899.57925669813,109066.92640790953,124008.89848342584,146865.7303499767
2024-12-04,141634.80041891895,125066.09315933695,109083.68262544253,124476.99994443724,147777.69817434193
2024-12-05,141434.66208769818,124822.92599222678,109112.65939249522,124180.64771989077,147534.5067545112
2024-12-06,141675.42855087377,124565.76139636787,108887.02568049022,124140.4887877577,147814.17688731654
2024-12-09,141044.59984014832,123097.12888097871,107606.26498124671,122750.2586022151,147052.98774324637
2024-12-10,140596.76268132447,122953.24743007647,107491.07658322774,122576.13652916187,146595.78787396455
2024-12-11,141683.65869010845,123201.26033259854,107662.78652062142,123166.39327557715,147729.0598903758
2024-12-12,140953.61909622565,122801.67015690258,107340.33003589275,122777.22985106366,146967.8707463056
2024-12-13,140925.63035780203,122591.59519477849,107132.30937998235,122545.06675428142,146938.6877759259
2024-12-16,141527.38823390988,122544.17850928642,107031.70923378947,122732.55415264436,147566.12163908916
2024-12-17,140944.2895167511,121869.21839350747,106345.14830332779,122190.03746802358,146958.14308951233
2024-12-18,136743.64635833926,118618.53818146739,103585.14505883557,118790.35166420347,142578.2656183609
2024-12-19,136700.1640701834,118783.13508125414,103731.71554527122,118886.03340680196,142534.49116279135
2024-12-20,138011.94208084862,120190.1817868266,104960.47052401051,120185.82234304212,144240.612241802
2024-12-23,138668.27198939092,120504.83754343422,105235.25516761145,120634.30850792158,145104.37231510994
2024-12-24,139898.54129450282,121464.35864402287,106073.19204979479,121574.55327608962,146717.2124519928
2024-12-26,139912.2370830329,121490.02610451415,106095.60709809799,121582.2713158269,146726.97245282112
2024-12-27,138849.73548164874,120696.90941420187,105444.95085310306,120659.83103910784,145182.4523217366
2024-12-30,137693.64678404937,119710.83043758279,104393.47268767617,119592.71695826718,143525.69218112624
2024-12-31,137336.2912972182,119575.77729841156,104446.65448870978,119346.16639425767,143003.53213681013
2025-01-02,137098.21186246618,119550.38813752927,104465.34346400909,119211.2156191596,142652.17210698998
2025-01-03,138292.3985524933,119490.8248601707,104409.12774184554,119153.29153151075,144435.8122583688
2025-01-06,138850.9658909689,119459.14042612101,104381.44240177031,119121.696598496,145267.8523289846
2025-01-07,137768.78461811898,119453.18986977526,104376.24290299402,119115.76285106501,143625.73218961668
2025-01-08,137917.92395797174,119502.9854640513,104419.75347855354,119165.41778456053,143835.57220742595
2025-01-10,136467.50472893397,119472.6352526815,104393.23396042644,119135.15330536207,141639.57202104985
2025-01-13,136597.9134549886,119445.53395956517,104369.55329391282,119108.12856699114,141859.17203968746
2025-01-14,136725.01926824672,119494.71903395449,104412.5304071842,119157.17470517429,142054.37205625424
2025-01-15,138260.6176192842,119598.13856329583,104502.8966998484,119260.30209879702,144638.33227555675
2025-01-16,138097.05654096033,119668.97125251094,104564.7891447722,119330.93470241227,144360.17225194912
2025-01-17,138978.94552187136,119736.58024702445,104623.86477800949,119398.35271750129,145809.5323749573
2025-01-21,139695.69739411073,119815.53022122187,104692.8499737418,119477.07967668798,147144.2124882325
2025-01-22,140153.48491452626,119800.48356990678,104679.70245600492,119462.07552860533,147971.37255843417
2025-01-23,140586.53952777435,119792.94922899922,104673.11907219123,119454.56247042948,148779.01262697915
2025-01-24,140380.82951990585,119887.8250171373,104756.01998357843,119549.17025689782,148344.6925901181
2025-01-27,139263.3265823831,119962.54883728262,104821.31243504524,119623.68299991841,146246.2924120254
2025-01-28,140066.87203958537,119931.9320000095,104794.55994356616,119593.15264797176,147502.89251867394
2025-01-29,139646.0208540582,119935.48341766991,104797.66311421213,119596.69403371694,146841.65246255402
2025-01-30,140159.14191258606,120034.72724631632,104884.38074792885,119695.65752201194,147629.77252944233
2025-01-31,139668.10727717372,120036.06884587953,104885.55301567691,119696.99533187358,146844.09246276115
2025-02-03,139043.43143380046,120096.20209161361,104938.09646194341,119756.95871540593,145855.8923788919
2025-02-04,139712.80097388217,120105.1264040805,104945.89438016394,119765.8578188001,146834.3324619328
2025-02-05,140125.41096966973,120192.47216234014,105022.21567464418,119852.95684594408,147429.69251246142
2025-02-06,140485.0240266591,120212.20874214265,105039.46117516022,119872.63767457503,147942.09255594914
2025-02-07,139566.63972326578,120211.70327133694,105039.01950304033,119872.13363160483,146587.89244101723
2025-02-10,140254.13680743315,120280.9385167173,105099.51612767753,119941.17330378649,147583.4125255077
2025-02-11,140336.02301170627,120362.60064834364,105168.29602596267,119854.30953139099,147695.65253503356
2025-02-12,139998.55410645923,120059.82166945614,104866.72826442395,119634.80852782045,147219.8524946521
2025-02-13,141121.65067567554,120658.43606155887,105334.40737099142,120398.55634987574,148774.13262656494
2025-02-14,141127.7498817225,120633.14946450194,105248.11042080316,120424.34452172932,148766.81262594365
2025-02-18,141448.03761675078,121209.64073205966,105895.28005527997,120783.28791068558,149203.57266301182
2025-02-19,141744.5797167188,121398.93967418939,106056.51885576565,120937.23362090287,149554.93269283196
2025-02-20,141203.09573357287,120605.67579252741,105376.48525448857,120195.65848457102,148932.7326400254
2025-02-21,138979.1842153159,119128.07047548765,104056.91052418435,118632.09171428857,146385.3724238292
2025-02-24,138397.0803159797,118914.01696745191,103897.7802187576,118309.3247395742,145719.2523672951
2025-02-25,137762.29003411197,118162.42821400335,103232.48861934802,117570.12703107038,144994.572305791
2025-02-26,137821.98546959469,118252.44698908944,103263.52660346766,117709.49528801904,145067.77231200348
2025-02-27,135932.8032864583,116919.44723370571,102150.5392761929,116227.20761214437,142752.21211548027
2025-02-28,137760.6764266016,118624.56739498087,103623.4334207985,117863.60239067074,144979.93230454845
2025-03-03,135689.77472922154,117712.24966362504,102769.66210150336,116834.26478762752,142439.89208897346
2025-03-04,134308.9515131435,115449.27777791373,100885.35908816927,114847.59277676612,140753.85194587804
2025-03-05,135315.2355430817,116172.88847180923,101506.42849165577,115712.14632864778,142266.65207427045
2025-03-06,133634.69719773554,114436.77420371793,99988.34373864126,113895.0905732525,139741.25185993797
2025-03-07,134177.55924813572,115135.98434396705,100714.53024095218,114469.83587103234,140524.4919264121
2025-03-10,133088.92982186665,115141.4747030574,100718.96569366341,114476.59275021822,136781.53160874447
2025-03-11,132767.20601360375,115105.89718453221,100687.84458046727,114441.22067330348,135644.49151224305
2025-03-12,132988.71924586841,115049.96394064739,100638.91748024992,114385.61041472452,136364.291573333
2025-03-13,132477.217699042,115134.50309875992,100712.86734573205,114469.66140329881,134546.491419055
2025-03-14,133318.39949778392,115156.03213202942,100731.69967325678,114491.06611763181,137325.6516549243
2025-03-17,133647.19780525658,115234.40458427113,100800.25526844105,114568.98600984484,138384.61174479898
2025-03-18,133213.8429665651,115235.34090659909,100801.07430794589,114569.91692539978,136888.89161785616
2025-03-19,133659.2677504801,115283.72267341657,100843.39582176058,114618.01931275227,138379.73174438483
2025-03-20,133563.740907815,115308.17155375697,100864.78225915512,114642.32701356245,137979.57171042296
2025-03-21,133607.49741307512,115309.61719736423,100866.04682285176,114643.76430933201,138024.84054626492
2025-03-24,134783.07115255218,115267.49930243543,100829.20457443203,114601.88962327561,140496.64963438382
2025-03-25,134951.45174456117,115263.66232517122,100825.8482132039,114598.07480255353,140834.38196523572
2025-03-26,134158.37081109773,115296.95182926267,100854.96790642646,114631.17207712433,139153.06231816873
2025-03-27,133996.07241631226,115367.00593739409,100916.2471051842,114700.82165932501,138783.5146228163
2025-03-28,132677.37362692782,115477.33807835792,101012.75914960002,114810.51668972956,135988.65721823042
2025-03-31,132931.47630995951,115579.77443598105,101102.36442880837,114912.36153082336,136901.5134458228
2025-04-01,133065.803125325,115633.38922056237,101149.26347767713,114965.66671799189,137288.19249129092
2025-04-02,133328.61587744328,115639.79176023105,101154.86404146098,114972.03228633387,138156.99667572873
2025-04-03,131367.66012050147,115726.60597200222,101230.80398959568,115058.3451913187,131348.50867261324
2025-04-04,129090.63154515068,115572.28858648961,101095.81624953535,114904.91890820774,123658.97980640581
2025-04-07,129031.52898340252,115252.85514970223,100816.39473401134,114587.33003288528,123438.71959063286
2025-04-08,128444.97539581984,115119.20520192324,100699.48564855775,114454.45184383618,121505.32436329235
2025-04-09,132491.73720926934,115514.32329822292,101045.11163683682,114847.28833924317,134265.73286373963
2025-04-10,131288.81829793408,115492.29813257826,101025.84532199518,114825.39035744067,128382.33776687058
2025-04-11,131821.82351695644,115618.53201667812,101136.26727268515,114950.89530670978,130673.04401090945
2025-04-14,132087.99826099645,115832.75919414725,101323.66056249499,115163.88543398066,131940.7639194694
2025-04-15,132033.8446741437,115896.5726534317,101379.48081000388,115227.33040382602,131571.21622411697
2025-04-16,131434.42042998484,116032.7375816286,101498.58985187704,115362.70905059304,128646.65002579811
2025-04-17,131518.9053385015,116090.31636731313,101548.95637493052,115419.95534882623,128830.20020560894
2025-04-21,130878.70679260256,116017.98971328282,101485.68928716042,115348.04634349373,125763.68853490308
2025-04-22,131587.43695237263,116149.38437654404,101600.625582839,115478.68227111668,129035.77640699706
2025-04-23,132034.56509133748,116095.80929149143,101553.76126077464,115425.41655423278,131035.24969906943
2025-04-24,132613.00625759875,116171.18573464929,101619.69612405571,115500.35773775155,133793.39706769318
2025-04-25,132858.2600775705,116211.87080653882,101655.28502345494,115540.80787457428,134760.0946813634
2025-04-28,132880.27879061407,116320.47160532553,101750.28259192896,115648.78156039963,134811.48873171047
2025-04-29,133054.49913951356,116415.41299356052,101833.33171431696,115743.17471164375,135660.7142303018
2025-04-30,133076.97859477173,116454.45181300136,101867.48056924628,115781.98810226693,135714.5556163796
2025-05-01,133298.04237593812,116309.71200928956,101740.87073241596,115638.08409541803,136676.35855858825
2025-05-02,133744.5093807136,116298.77789229101,101731.30621226622,115627.21311724135,138705.19987943035
2025-05-05,133584.88384830666,116344.79897706429,101771.562740771,115672.96845425697,137909.81576691684
2025-05-06,133375.62483048698,116508.39385383122,101914.66588256453,115835.61865594987,136757.120637705
2025-05-07,133492.36764498934,116522.71641410295,101927.19441288232,115849.85851090739,137332.24453444552
2025-05-08,133709.07432901452,116338.76679143956,101766.28614084414,115666.97110135751,138289.1528051925
2025-05-09,133701.168134186,116371.60823573776,101795.01389780689,115699.62290344664,138112.94463257416
2025-05-12,134733.3732423237,116187.19199975813,101633.69745998213,115516.27157502902,142677.2257705362
2025-05-13,134963.79435842732,116125.68662577002,101579.8961892527,115455.12136249141,143619.45002689832
2025-05-14,135004.08940243456,115965.98080771219,101440.1949664611,115296.3377622223,143803.00020670914
2025-05-15,135169.43581631663,116299.93004244653,101732.3140452151,115628.35861433073,144505.38556145184
2025-05-16,135584.20471374344,117195.060829302,102361.43075378514,116482.2363837301,145420.6891247751
2025-05-19,135653.3235895902,117398.92650852108,102444.6253410103,116669.29702637983,145579.7659472778
2025-05-20,135456.58989961658,117368.71642960374,102261.19620757984,116561.18460201334,145090.29880111566
2025-05-21,134400.76372538728,115979.58980732996,101068.97371596967,115115.45365325062,142645.4104060357
2025-05-22,134441.14390117954,115566.42216277926,100836.67984720101,114693.43901177797,142701.69912784436
2025-05-23,133887.22856325094,115518.567619073,100904.00087073095,114628.01530963939,141727.65950698167
2025-05-27,135604.9330030765,116761.3909068052,101852.41485810977,115883.96436572738,144674.25172687782
2025-05-28,135126.48201214545,116330.24942959884,101351.92582380718,115452.70640077152,143837.26290694054
2025-05-29,135461.27501577206,116525.9761652702,101498.165463646,115655.07334563894,144405.04479648866
2025-05-30,135384.74220710716,116746.70202436176,101805.16669855677,115844.2799359178,144243.52063825517
2025-06-02,135864.61088350991,116940.76407551693,101965.37611807094,116030.27580342475,145056.03610088435
2025-06-03,136354.0964011382,116988.8327392335,102006.83615160553,116090.99490845155,145883.23557789836
2025-06-04,136331.51139567452,116747.59314805655,101794.64958083213,115854.0404830852,145844.07820620536
2025-06-05,135930.64730914935,116391.67245837436,101485.25344443686,115445.41704381195,145139.24551573186
2025-06-06,136809.0835334233,117057.84306881191,102080.37892041475,116153.71773170271,146629.67297579563
2025-06-09,136896.62354224006,116808.37755089221,101850.54184437545,116058.39407472187,146761.82910525938
2025-06-10,137381.30761978746,117011.42945222592,102027.0985531664,116392.42076351486,147593.92325373506
2025-06-11,137139.5250271237,116946.4647457662,101970.65993857538,116250.28859727568,147172.98150803562
2025-06-12,137585.63433989743,117108.74121171291,102112.5563889787,116208.94045739925,147757.89474769938
2025-06-13,136298.9253732744,116320.95565863133,101426.81244244214,115484.39805960048,146105.94312940212
2025-06-16,137391.64443897962,116740.11698761357,101896.71070361308,116051.72997619786,147496.0298245026
2025-06-17,136407.07772164233,116139.34168567242,101363.8654006482,115404.95986327322,146235.65192313507
2025-06-18,136394.45182633787,116175.8151924217,101438.20779483869,115426.00480914445,146213.62590155783
2025-06-20,136152.02947303414,116272.10067724172,101423.97108315941,115460.14934164727,145871.27226664542
2025-06-23,137186.98022740483,117266.33495438073,102337.27921937952,116446.39269160294,147312.115586638
2025-06-24,138345.4029184764,117939.76669320623,102927.39720642078,117084.41666928548,148939.50761586305
2025-06-25,138408.21278275867,117338.6041330736,102247.97797634745,116567.89920199687,149022.96361736176
2025-06-26,139239.4865752294,118022.24341190858,102644.15241763798,117229.86657040777,150188.89305006448
2025-06-27,139910.5217314668,118508.67277248028,103117.31146915407,117853.66029850957,150935.0878869942
2025-06-30,140574.48182942925,118894.92343413776,103434.60136964482,118131.43010054089,151656.73684113022
2025-07-01,140529.51557055293,119105.05592199367,103597.6166742219,118273.12484340106,151607.6450755427
2025-07-02,141161.84495605584,118909.95647563577,103538.30858094979,118232.35382945216,152294.92979376746
2025-07-03,142266.50940822862,119550.01075311612,103952.48228158763,118790.13995101952,153495.2234623814
2025-07-07,141214.539454376,119202.25251232526,103483.07972464146,118324.48807286538,152351.38532419305
2025-07-08,141137.96120963868,118718.48675959342,103129.05487215039,117969.12485720123,152267.92932269437
2025-07-09,141954.97161080496,119199.30849603098,103532.6146806159,118374.92834646226,153181.03616262152
2025-07-10,142342.27238690061,119650.39903680538,103923.0842612346,118771.16596864293,153613.0436997914
2025-07-11,141860.65906982947,119303.98642371871,103627.63651275713,118475.5262216761,153073.03427832908
2025-07-14,142122.34421548859,119755.24925178126,104014.47683206377,118909.07268837231,153365.1302835746
2025-07-15,141512.51340111325,118889.19975475654,103271.36326806921,118088.66604060194,152709.75521298172
2025-07-16,141985.6320365881,119139.90362107831,103485.74706896981,118321.6450148537,153220.30957509155
2025-07-17,142854.5326075082,119629.65997375142,103946.62477354218,118742.51837306395,154157.96229781245
2025-07-18,142749.9006015859,120057.24235941695,104193.0838049491,119036.8434032716,154045.05123696127
2025-07-21,143020.57905168924,120165.10969489053,104439.5148326987,119234.1034680918,154337.14724220673
2025-07-22,143041.05053110883,120709.7970917716,105049.43627802048,119702.27849550551,154359.23853672112
2025-07-23,144257.96625216192,121046.6302086183,105166.89476508097,120114.9861536095,155672.44326618628
2025-07-24,144305.73303747425,120894.66628988454,105018.75988225426,119851.29210521649,155723.98962005312
2025-07-25,144915.328202413,121235.94498183783,105313.80953696738,120144.93706111418,156381.8192789254
2025-07-28,144878.93446122264,120761.92070088012,104904.30319178074,119861.03479333961,156342.54586645542
2025-07-29,144496.8001787237,120655.57463540215,104818.61731287227,119574.13358461938,155930.17503552054
2025-07-30,144314.83147277185,120729.12641617417,104884.60263735398,119542.88941962217,155733.80797317062
2025-07-31,143773.4745725651,120793.50596678417,104943.69256046461,119552.30111436527,155149.61596267959
2025-08-01,141416.9798304885,119738.01803725296,104269.30263768618,118476.56430051698,152606.662505248
2025-08-04,143566.48516954482,120594.12507793246,105300.6349333174,119317.32467774706,154926.24842925652
2025-08-05,142838.6103457374,120315.76183188951,104827.75395010371,119068.49516403949,154140.7801798568
2025-08-06,143932.69719027294,120682.37114811873,104922.20587052955,119582.13063089341,155321.43714223575
2025-08-07,143812.14292257983,120388.75276561393,104924.01834890603,119387.30669608944,155191.34396342892
2025-08-08,144933.52507300818,120700.7414341856,105098.7630127389,119708.08609570203,156401.45598516037
2025-08-11,144646.924361134,120715.32081507612,105083.80707687695,119682.28853191479,156092.17786195924
2025-08-12,146186.83453525166,121606.78019271352,105812.69054059824,120499.74110329678,157753.93412709556
2025-08-13,146651.18360769845,122012.3282677633,106164.31750583959,120884.98662720816,158293.94354855787
2025-08-14,146664.9812038861,121931.84289985755,106082.00330109692,120811.83221331886,158308.67107823413
2025-08-15,146347.94387485948,121684.28702564532,105845.2241167461,120567.60478378895,157938.02824804862
2025-08-18,146318.16029707086,121696.19237947161,105857.88770796727,120624.83011502742,157903.6640121374
2025-08-19,145577.7530061672,121594.46267717273,105764.79081883372,120403.42264464109,157047.01270263578
2025-08-20,145218.011801695,121608.9544941586,105705.80703733995,120288.96831682933,156629.7326951422
2025-08-21,144673.08877180898,121259.66483934873,105529.96162113103,119985.48846810109,156001.35809562242
2025-08-22,146754.21054022104,122343.78301869625,106529.61351744087,121216.69270697326,158397.03625629158
2025-08-25,146199.64915316916,121773.00469466596,106281.52900242225,120815.45472927856,157699.93318494933
2025-08-26,146724.1153912206,122146.1599229007,106554.99789932616,121121.96885969679,158360.21743210097
2025-08-27,147011.62064309884,122233.46161172712,106642.71102637918,121232.15431123819,158721.04190916897
2025-08-28,147458.05364449412,122418.88911201486,106803.4194438083,121444.80888666541,159283.1426251456
2025-08-29,146717.4169607968,122126.88480684033,106551.19440146965,121040.972496248,158333.21696102782
2025-09-02,145795.24017631682,121692.32130551217,106172.51065458464,120601.75788497794,157159.923763487
2025-09-03,146533.52705449593,121936.72787567438,106308.15593066615,120857.62077759921,158011.66589642985
2025-09-04,147688.25720347505,122446.5733161247,106766.30608551078,121440.5339674253,159332.23439073315
2025-09-05,147288.43093674793,122388.5444784733,106716.18160968927,121446.29821026626,158870.7717942108
2025-09-08,147629.9904065925,122244.83303116764,106591.09259213337,121515.0349326968,159261.0513306313
2025-09-09,147952.22769263448,122388.90385343252,106716.97719929776,121608.33100648953,159629.23957253742
2025-09-10,148375.58487963618,122920.99868144552,106679.59449963243,121936.95367790648,160090.70216905975
2025-09-11,149608.61667928295,123825.9990483999,107473.93063039958,122753.3474797933,161421.0890164805
2025-09-12,149558.56741804266,123800.6459120322,107450.48444175727,122780.33650834701,161367.08807433423
2025-09-15,150354.80566504705,124231.9037882594,107821.6743219312,123226.19738970434,162226.19397211517
2025-09-16,150147.78372082592,124086.36766229986,107695.77155538443,123147.93053740967,162002.82643869214
2025-09-17,149961.2364743849,124190.48754681449,107785.70556997605,123177.69746186411,161801.55019978347
2025-09-18,150661.92613174877,124502.2679441221,107837.19704125593,123508.35620339784,162557.5633898307
2025-09-19,151406.09358235207,124797.55635074864,107882.79480928933,123827.8268593528,163360.48719832036
2025-09-22,152122.40386387773,124936.65501234091,107847.56751595659,123963.67284007737,164133.3543518577
2025-09-23,151294.3126785471,124679.57773977953,107848.70242651479,123656.09239345504,163239.88054060275
2025-09-24,150812.97041930535,124430.66207617277,107840.63314327564,123469.96923421358,162720.53350430855
2025-09-25,150117.1913241928,124087.21033882003,107745.65523409817,123098.98850908566,161969.81859402545
2025-09-26,150977.21991061058,124668.17424027716,108289.35147957501,123683.9195858863,162897.75145034256
2025-09-29,151401.53109648245,124952.25466240023,108270.01104814402,123963.16009551652,163355.56447759713
2025-09-30,151971.84183018122,125020.59253015125,108020.30759683062,123991.68663374984,163970.9045679931
2025-10-01,152489.68397637975,124806.5645983482,107718.04184073645,123879.11245100574,164529.63337007267
2025-10-02,152665.33968235896,124785.66132344346,107528.25226757796,123857.21686286322,164719.15811791463
2025-10-03,152663.05843942417,124866.25428450303,107656.4796162554,123822.2571874487,164716.69675755306
2025-10-06,153210.556743775,125102.15839706465,107999.2860936132,124146.96788157508,165307.42324433316
2025-10-07,152642.52725301104,124778.79804385232,107938.72132850347,123724.92698276757,164694.5445142988
2025-10-08,153552.7431839943,124919.89739863077,108064.85883314439,124000.19716826541,165676.62729857073
2025-10-09,153107.90081170923,124410.27999197633,107808.04042142976,123600.68501421246,165196.66202806187
2025-10-10,148969.72612799087,122830.94254703139,106665.55855845955,121934.47329606181,160731.75433214876
2025-10-13,150950.08553441204,123674.57494678417,107424.94818987054,122911.4911579996,163198.03741445576
2025-10-14,150789.6976783341,124166.1724606362,107899.89195505192,123151.45189153872,162998.6672251675
2025-10-15,151374.08360486542,124290.31199910889,108395.3331467688,123341.94586250145,163722.30717147316
2025-10-16,150479.61328598918,123402.8231382935,107388.78785009203,122650.5518011874,162607.3109276757
2025-10-17,151226.8040477186,123772.15628273976,107814.89068518666,122998.74250952702,163530.32106326963
2025-10-20,152443.49239084768,124556.54152060104,108473.43265144163,123706.67131980332,165231.1210731241
2025-10-21,152441.73593181145,124865.57002283409,108564.75498702754,124018.05895972035,165228.65971276248
2025-10-22,151836.26610642648,124242.0127152204,108381.13145441232,123445.26889069063,164369.64494656972
2025-10-23,152536.4366758635,124572.83465314413,108630.89487139143,123818.56072171537,165344.34364975695
2025-10-24,153511.9678839277,124922.04347186044,108827.4803423927,124186.42870728415,166695.63048826644
2025-10-27,154912.79902540526,125581.08063937152,109364.0695326996,124923.70832384632,168662.25741717196
2025-10-28,155212.7503710125,125294.91433448196,109088.210037846,124821.41472129483,169110.22500298024
2025-10-29,155280.80017718388,124992.87397237342,108826.9991678075,124605.82912332901,169191.44989491248
2025-10-30,154039.87237506884,124441.81131459288,108344.13574887776,123930.92416474814,167330.6614615551
2025-10-31,154416.2064736858,124819.6129687975,108669.9865748522,124421.59057373332,167879.5448221883
2025-11-03,154632.8925712428,124625.3402916036,108442.52701216213,124407.79118921328,168194.59894847102
2025-11-04,153363.88917338505,123895.73318862011,107990.00432539172,123489.61143508364,166200.8970555881
2025-11-05,153737.747613853,124187.06632522657,108293.44881185677,123856.19988074881,166776.85538019871
2025-11-06,152598.49866094912,123562.66464303326,107737.64524032267,123005.4647118878,164987.44639732724
2025-11-07,152718.06090865136,124029.45579144277,108188.5844816903,123223.43289743761,165149.89618119175
2025-11-10,154381.59386770535,124560.48396033043,108612.00040028521,124001.73591840285,167726.94047977007
2025-11-11,154649.66166014803,124776.05320075426,108804.66907408513,124091.0158712914,168110.91269617714
2025-11-12,154721.14671463516,124909.3029518354,108915.01604883712,124119.56338875882,168204.4443899173
2025-11-13,152697.7675505113,123669.82417388911,107997.29146586712,122823.4852387198,165413.2617398812
2025-11-14,152692.07941991612,123397.94514085163,107848.54878338867,122650.14521568627,165386.1867759038
2025-11-17,151569.0099985709,123070.45156296484,107413.40622723759,122133.34618776414,163845.3751895523
2025-11-18,150616.45154120747,122755.69864928888,107339.98135261393,121616.37547172958,162469.47474742695
2025-11-19,151054.3817161864,122529.97044067644,107050.34025377696,121566.03448605507,163097.12163963082
2025-11-20,149329.64225936073,121570.95013231697,106354.07495156174,120476.6248422527,160611.14767443112
2025-11-21,150457.26472915575,122336.65314100792,106999.40937853063,121241.75449536034,162211.0319094606
2025-11-24,152124.00743990546,123095.18280427674,107702.51949219877,122086.82715283654,164598.55146019693
2025-11-25,153080.72960257606,123604.33371692544,108160.90682379565,122719.63971674992,166146.74712763316
2025-11-26,153789.64633854828,124237.33689993534,108767.61461077066,123275.43787083562,167293.74105613123
2025-11-28,154365.1612501684,124832.94491387258,109302.37097639403,123798.71589824621,168206.90575027882
2025-12-01,153902.44419263795,123775.74999903775,108477.97656664318,123214.9726611945,167438.96131746462
2025-12-02,154109.04709848485,123845.57833599712,108386.53867821296,123437.16940581096,167749.0927230242
2025-12-03,154469.84298874138,123970.86464571887,108624.11486677101,123705.77327869135,168329.973768358
2025-12-04,154550.6519911912,124130.84532093485,108701.99129332058,123839.42632432932,168453.04178643718
2025-12-05,154765.6767338696,107778.6881042286,94261.4497414331,109073.93385258006,168773.0186334431
2025-12-08,154439.83988812985,107354.29545422798,93880.47445399464,108832.77239634182,168265.97839895682
2025-12-09,154354.77692192796,107213.52460182042,93767.21342434258,108755.9370576527,168120.75813762337
2025-12-10,155082.9211543112,107776.82133083978,94239.69100619979,109277.54107367463,169235.75438142088
2025-12-11,155344.50384023695,108371.46843537413,94781.0659286134,109660.83479356546,169629.57203927427
2025-12-12,154027.5153852172,107974.42603218995,94433.71255679098,109265.02364706594,167805.70401134063
2025-12-15,153842.9533389078,107993.65208296347,94450.52753251318,109284.47950313859,167552.1838940975
2025-12-16,153513.03679145747,107860.86449209384,94334.39239155347,109150.10472765165,167094.37086684292
2025-12-17,152176.7724826118,107345.48274174325,93883.64295154151,108628.56271804158,165255.73467673978
2025-12-18,153093.48194368483,107710.47745278596,94202.86489042063,108997.92014089323,166503.6443800628
2025-12-19,154270.21825600567,107970.05472105212,94673.53039440828,109260.6000864841,168008.3645471603
2025-12-22,155085.2860950883,108281.29960704247,95125.5609435941,109575.56522292878,169055.0379712188
2025-12-23,155686.40934585672,108410.26929536919,95251.23574398311,109706.07646121563,169827.70019228084
2025-12-24,156158.6265484413,108643.300338301,95520.2292226309,109941.89287952983,170425.093986201
2025-12-26,156152.99193643976,108658.61228326471,95512.03775869239,109957.38784523628,170407.81400042647
2025-12-29,155584.70264183148,108538.88768644835,95412.42396634351,109836.23220326625,169800.54592892085
2025-12-30,155394.70315034475,108536.6003745448,95410.4132771082,109833.91755156202,169593.18609962627
2025-12-31,154243.39670788354,108104.6509083031,95030.70286654873,109396.8050761582,168336.6842768768
2026-01-02,154526.13404640544,108530.14639647951,95404.73982951204,109827.3864303342,168645.25545142233
2026-01-05,155555.29795862516,108890.28924397347,95721.32776205846,110191.83399624225,169768.4545267681
2026-01-06,156480.41453026878,109520.49536339032,96147.12202484292,110833.30199863373,170778.09940988108
2026-01-07,155976.01111834575,109188.0541995772,95837.19455688565,110498.89652273111,170227.60843449188
2026-01-08,155960.1778273885,109078.90285448084,95734.6520408206,110376.68996656816,170210.3284487173
2026-01-09,156991.60363831642,109338.21280019994,96058.20587680727,110648.61748015897,171335.99609345946
2026-01-12,157238.15059750748,109358.76493402573,96162.57313035472,110673.86748052383,171605.07015766314
2026-01-13,156923.74667707115,109083.90239211131,96082.79355482524,110427.63364571842,171261.93901156855
2026-01-14,156152.43921758342,109287.90390942254,96285.1288681211,110674.84969011981,170420.1568474083
2026-01-15,156577.67617472037,109461.57895508129,96609.8707409433,110844.15150578883,170884.2478939248
2026-01-16,156446.4860496462,109521.21465774794,96701.05484077294,110913.00028855524,170741.07086893567
2026-01-20,153261.73266853552,108329.99516909254,95661.83864603167,109731.24554577304,167265.32515885468
2026-01-21,154948.29048049723,109082.91900540417,96318.80092219336,110548.18082885146,169195.7464268116
2026-01-22,155721.99800926863,109302.85306518959,96512.99984090246,110770.06803934497,170079.49427071004
2026-01-23,155778.2561255667,109145.43008188964,96373.99739095615,110575.83472190617,170141.20850561914
2026-01-26,156533.75621743884,109398.464227358,96597.4232554829,110843.15837225619,171005.2077943466
2026-01-27,157130.15499884615,109077.43143941546,96313.9554726873,110475.30783824164,171686.5329477432
2026-01-28,157115.8222067433,108678.886489558,96072.93552192689,110086.54198665559,171669.25296196862
2026-01-29,156819.597842466,109331.16970083218,96617.43660847931,110757.12350853952,171328.59038527036
2026-01-30,156374.44273390414,109389.84750740383,96779.52542408704,110833.84191200828,170817.59652022296
2026-02-02,157117.9502585218,109632.49066877633,96996.8944011376,111065.42491900119,171666.78439257227
2026-02-03,155806.96403413455,109177.5416287894,97163.79975045599,110601.14823771393,170215.26558751008
2026-02-04,155064.04220089578,109603.39584110466,97345.77044190181,111076.15000884655,169390.76340912443
2026-02-05,153156.35014992577,109059.52869798672,97000.68408579091,110524.14784994487,167275.19943644016
2026-02-06,156051.46351902102,110216.230403472,97820.67403932489,111696.9400088298,170484.33965171382
