date,spy_price,ma200,spy_deviation,ma200_state,blended_vol,vol_short,vol_long,vol_exposure,risk_cap,vix_regime,vix_override,theme_budget,final_exposure
2025-01-02,158.48117905276374,149.29057258440432,0.06156186763342563,RISK_ON,0.1118931280036264,0.11597055645361301,0.10237912828699094,1.0,1.0,NORMAL,False,0.1,0.95
2025-01-03,160.4627359405506,149.40059254857874,0.07404350413386024,RISK_ON,0.11472399749375288,0.11951124647079128,0.10355374988066327,1.0,1.0,NORMAL,False,0.1,0.95
2025-01-06,161.38710105509958,149.5088310476721,0.07944861801267115,RISK_ON,0.11571420976221557,0.12090716687538927,0.10359730983147693,1.0,1.0,NORMAL,False,0.1,0.95
2025-01-07,159.56276755923014,149.6056389359057,0.06655583769533113,RISK_ON,0.11779855162757677,0.12338194953955538,0.1047706231662934,1.0,1.0,NORMAL,False,0.1,0.95
2025-01-08,159.79589189896976,149.70494143069064,0.06740559377561332,RISK_ON,0.11752125170215011,0.12324099242316067,0.10417519001979214,1.0,1.0,NORMAL,False,0.1,0.95
2025-01-10,157.35621857611318,149.79397862773797,0.05048427191568618,RISK_ON,0.1197092456386178,0.12587489453005143,0.10532273155860601,1.0,1.0,NORMAL,False,0.1,0.95
2025-01-13,157.60018590839883,149.8855243740311,0.0514703575717974,RISK_ON,0.11642477904392823,0.12205509469072312,0.10328737586807347,1.0,1.0,NORMAL,False,0.1,0.95
2025-01-14,157.81704575931943,149.97230151659133,0.05230795395815299,RISK_ON,0.11525674989841361,0.12065605632492951,0.10265836823654317,1.0,1.0,NORMAL,False,0.1,0.95
2025-01-15,160.68772803588064,150.07356631142852,0.07072639096498781,RISK_ON,0.12427273524367954,0.13186220387025757,0.10656397511499746,0.9656180799810885,1.0,NORMAL,False,0.1,0.95
2025-01-16,160.3787027483188,150.17450757196525,0.06794891717200131,RISK_ON,0.12430936565543452,0.13196798813248795,0.10643924654230985,0.9653335399733325,1.0,NORMAL,False,0.1,0.95
2025-01-17,161.98888714140415,150.28795655215518,0.07785674153596157,RISK_ON,0.1258490162347042,0.1337403114693642,0.10743599402049762,0.9535235442460989,1.0,NORMAL,False,0.1,0.95
2025-01-21,163.4716663720736,150.40805425540145,0.08685447186551186,RISK_ON,0.10257585152350057,0.09992942160519878,0.10875085466620472,1.0,1.0,NORMAL,False,0.1,0.95
2025-01-22,164.3906099903496,150.54125754943198,0.09199705560032284,RISK_ON,0.10216937555379857,0.09993172466080774,0.10739056097077719,1.0,1.0,NORMAL,False,0.1,0.95
2025-01-23,165.28786762353351,150.67175181969878,0.09700634410440181,RISK_ON,0.10025791070140047,0.09712782760283281,0.1075614379313917,1.0,1.0,NORMAL,False,0.1,0.95
2025-01-24,164.8053544552352,150.7994442255309,0.09287773109267906,RISK_ON,0.10028392586805084,0.09711505868450174,0.10767794929633208,1.0,1.0,NORMAL,False,0.1,0.95
2025-01-27,162.4741110578389,150.9146749690108,0.0765958386167664,RISK_ON,0.11286370500403477,0.11282445402866245,0.11295529061323684,1.0,1.0,NORMAL,False,0.1,0.95
2025-01-28,163.8701463481402,151.04386641544107,0.08491758213750217,RISK_ON,0.11356829875934123,0.11372200227446361,0.11320965722405565,1.0,1.0,NORMAL,False,0.1,0.95
2025-01-29,163.1355336031467,151.16417625145104,0.07919440735602698,RISK_ON,0.11111505949327657,0.11031606962526828,0.1129793691852959,1.0,1.0,NORMAL,False,0.1,0.95
2025-01-30,164.01110525123858,151.29846216963747,0.0840236106785246,RISK_ON,0.10817219660620334,0.10725405898691776,0.11031451771786967,1.0,1.0,NORMAL,False,0.1,0.95
2025-01-31,163.13824435128325,151.43697520055355,0.07726824400205617,RISK_ON,0.11043441489371036,0.11013919798235014,0.1111232543535509,1.0,1.0,NORMAL,False,0.1,0.95
2025-02-03,162.04039135599777,151.57123398271995,0.06907087247486138,RISK_ON,0.11057209779304072,0.11031152781655454,0.1111800944048418,1.0,1.0,NORMAL,False,0.1,0.95
2025-02-04,163.1274013587372,151.71492819354742,0.0752231392195666,RISK_ON,0.11036986143945159,0.11026913143598409,0.11060489811420908,1.0,1.0,NORMAL,False,0.1,0.95
2025-02-05,163.788823904045,151.86331219831183,0.07852793102629119,RISK_ON,0.10956879763853941,0.11016702931521839,0.10817292372628848,1.0,1.0,NORMAL,False,0.1,0.95
2025-02-06,164.35808101271152,152.02039539160714,0.08115809453936951,RISK_ON,0.10467810681244707,0.1047055373115688,0.10461410231449643,1.0,1.0,NORMAL,False,0.1,0.95
2025-02-07,162.85361579694992,152.16383487404764,0.07025178441218088,RISK_ON,0.10594133872978073,0.10645906410820294,0.10473331284679556,1.0,1.0,NORMAL,False,0.1,0.95
2025-02-10,163.9596010366449,152.30484379766,0.07652256453818682,RISK_ON,0.10396718353931729,0.10321241432431529,0.1057283117076553,1.0,1.0,NORMAL,False,0.1,0.95
2025-02-11,164.0842954509242,152.44679837148985,0.0763380878034285,RISK_ON,0.10448668248197851,0.10402351566583187,0.10556740505298731,1.0,1.0,NORMAL,False,0.1,0.95
2025-02-12,163.55569956430529,152.58868739105546,0.07187303568018437,RISK_ON,0.10508213824888829,0.10495004679533627,0.10539035164050968,1.0,1.0,NORMAL,False,0.1,0.95
2025-02-13,165.28244612726044,152.732806852782,0.08216727979454302,RISK_ON,0.1023063772906759,0.10038227997958733,0.10679593768321594,1.0,1.0,NORMAL,False,0.1,0.95
2025-02-14,165.27431388285092,152.87446931719077,0.08111128444823834,RISK_ON,0.10186645514296352,0.10123796316338864,0.10333293642863829,1.0,1.0,NORMAL,False,0.1,0.95
2025-02-18,165.75953779928574,153.02940456543382,0.08318749765773702,RISK_ON,0.10014917851711715,0.09950516216042164,0.10165188334940665,1.0,1.0,NORMAL,False,0.1,0.95
2025-02-19,166.14988553094275,153.1884796789108,0.08461083939993129,RISK_ON,0.09778110605449478,0.09624356317726265,0.10136870610136973,1.0,1.0,NORMAL,False,0.1,0.95
2025-02-20,165.4586447561334,153.3378161146647,0.079046571475916,RISK_ON,0.09694021342136655,0.09502728457392723,0.1014037140653916,1.0,1.0,NORMAL,False,0.1,0.95
2025-02-21,162.62862370161977,153.4645989651685,0.05971425852115382,RISK_ON,0.11261212418152047,0.11496945569460405,0.1071116839843255,1.0,1.0,NORMAL,False,0.1,0.95
2025-02-24,161.88858946035327,153.5805937252517,0.05409534846547198,RISK_ON,0.11334625972215401,0.11589756538413762,0.1073932131775256,1.0,1.0,NORMAL,False,0.1,0.95
2025-02-25,161.08349726381059,153.69179785125522,0.04809429986438928,RISK_ON,0.10324879124323638,0.10129418826658618,0.10780953152208687,1.0,1.0,NORMAL,False,0.1,0.95
2025-02-26,161.16481970790576,153.8033414690321,0.047862927869846625,RISK_ON,0.10237382407481282,0.10012539743625645,0.10762015289811103,1.0,1.0,NORMAL,False,0.1,0.95
2025-02-27,158.59231972636033,153.8980222082538,0.030502650071449557,RISK_ON,0.11072158337732224,0.11060791733426517,0.1109868041444554,1.0,1.0,NORMAL,False,0.06,0.95
2025-02-28,161.0672327749915,154.00417809872744,0.045862747124536855,RISK_ON,0.11188008127352107,0.11194765057897743,0.11172241956078958,1.0,1.0,NORMAL,False,0.1,0.95
2025-03-03,158.2453439648874,154.09613057652464,0.026926136125801383,RISK_ON,0.11870206288458804,0.12018912776592844,0.11523224482812709,1.0,1.0,NORMAL,False,0.06,0.95
2025-03-04,156.37221700256086,154.17550906213856,0.014248099155209817,RISK_ON,0.11904047805118798,0.12061263313166042,0.11537211619675225,1.0,1.0,NORMAL,False,0.06,0.95
2025-03-05,158.05288084719538,154.25459205703092,0.024623505462710388,RISK_ON,0.12250699747226096,0.12460191060020875,0.11761886684038275,0.979535883467974,1.0,NORMAL,False,0.06,0.95
2025-03-06,155.24725652591033,154.32111015606372,0.006001423712608089,RISK_ON,0.12798535487938043,0.13104251417545126,0.12085198318854852,0.937607276341061,1.0,NORMAL,False,0.06,0.937607276341061
2025-03-07,156.11740667772915,154.3909587750596,0.011182312205113657,RISK_ON,0.1295770837983608,0.13306294032519303,0.12144341856908554,0.9260896794585682,1.0,NORMAL,False,0.06,0.9260896794585682
2025-03-10,151.95911903632697,154.43919708639385,-0.016058604919316658,SHALLOW,0.1421831317686017,0.14832124829427715,0.12786085987535906,0.843981972455748,0.6,NORMAL,False,0.02,0.6
2025-03-11,150.69591040471454,154.47937422294524,-0.024491708600336448,SHALLOW,0.13760018699262858,0.14172289233129443,0.12798054120240826,0.8720918381195845,0.6,RISK_OFF,False,0.02,0.6
2025-03-12,151.4955811049842,154.5256035986794,-0.019608546565296057,SHALLOW,0.13805886368113676,0.1428360555125127,0.1269120827412596,0.8691944638712524,0.6,RISK_OFF,False,0.06,0.6
2025-03-13,149.47607374328624,154.56693056021103,-0.03293626132364498,SHALLOW,0.139084476338835,0.14414562841897588,0.12727512148517298,0.8627850005895571,0.6,RISK_OFF,False,0.06,0.6
2025-03-14,152.56361587076807,154.61902364926152,-0.013293369276189083,SHALLOW,0.1450388073359401,0.15089712291514162,0.1313694043178032,0.8273647736364447,0.6,RISK_OFF,False,0.06,0.6
2025-03-17,153.74008056201225,154.67650237045967,-0.006054066352008871,SHALLOW,0.1519552839947188,0.15976690946158453,0.13372815790536544,0.7897060032750858,0.6,RISK_OFF,False,0.06,0.6
2025-03-18,152.07839195433328,154.7306529857946,-0.017141148054902893,SHALLOW,0.15152979569293734,0.1589257237290896,0.1342726302752487,0.791923459351652,0.6,RISK_OFF,False,0.06,0.6
2025-03-19,153.73465906573927,154.79776994389448,-0.006867740268742453,SHALLOW,0.15297101378434802,0.16455424490502787,0.12594347450276167,0.7844623437559932,0.6,RISK_OFF,False,0.1,0.6
2025-03-20,153.29009637135206,154.85627422195807,-0.010113751337974085,SHALLOW,0.15288433978741828,0.16441219402580248,0.1259860132311884,0.7849070752887896,0.6,RISK_OFF,False,0.1,0.6
2025-03-21,153.34038833937905,154.91445272401668,-0.010160862056181844,SHALLOW,0.14564138077387173,0.15454653890980943,0.12486267845668376,0.8239416528624959,0.6,RISK_OFF,False,0.1,0.6
2025-03-24,156.08647494214463,154.98556963781328,0.007103276175350137,RISK_ON,0.15193418905798384,0.16255982557645157,0.1271410371815591,0.7898156481040844,1.0,RISK_OFF,False,0.1,0.7898156481040844
2025-03-25,156.46168281460172,155.05013226281577,0.00910383326467158,RISK_ON,0.1514306605691597,0.16222332975800774,0.12624776579518088,0.7924418974927139,1.0,NORMAL,False,0.1,0.7924418974927139
2025-03-26,154.59380014519584,155.1053688985607,-0.003298201454905295,SHALLOW,0.15346815389828333,0.16461642562289136,0.127455519874198,0.7819211800744955,0.6,NORMAL,False,0.1,0.6
2025-03-27,154.18324660359426,155.15942533240997,-0.006291456202060353,SHALLOW,0.14882396467586778,0.15824707398614327,0.12683670961855836,0.8063217524231051,0.6,NORMAL,False,0.1,0.6
2025-03-28,151.07826551413058,155.19574188605745,-0.026530859171058078,SHALLOW,0.15338545698585138,0.16342466729921604,0.12996063292133378,0.7823427485114777,0.6,NORMAL,False,0.06,0.6
2025-03-31,152.0924143288153,155.23539747624307,-0.020246562308115112,SHALLOW,0.14976629151608867,0.15813084476757452,0.13024900059595496,0.8012483903102386,0.6,NORMAL,False,0.06,0.6
2025-04-01,152.5220001538024,155.27128097211894,-0.01770630602841629,SHALLOW,0.1502430627539519,0.1587473460598008,0.13039973504030453,0.7987057625184334,0.6,NORMAL,False,0.06,0.6
2025-04-02,153.48720881121008,155.31052728553502,-0.011739825407796112,SHALLOW,0.14665947464608572,0.15392180251553275,0.12971404295070932,0.8182219409252652,0.6,NORMAL,False,0.06,0.6
2025-04-03,145.92323561428552,155.31151073801556,-0.06044803169525846,DEEP,0.1828799062379856,0.19694460370780784,0.15006227880840042,0.6561683154181049,0.3,NORMAL,False,0.02,0.3
2025-04-04,137.3804592718207,155.26398110215388,-0.11518139431557496,DEEP,0.253571135974474,0.28028889843644916,0.19122969022986533,0.4732399826929825,0.3,RISK_OFF,False,0.02,0.3
2025-04-07,137.13575848543567,155.2133620139308,-0.1164693766949821,DEEP,0.2499133807831408,0.27491385018293385,0.1915789521836237,0.4801663665385268,0.3,RISK_OFF,False,0.02,0.3
2025-04-08,134.98782936050023,155.15400346940677,-0.12997520952066768,DEEP,0.2523973114999136,0.27773862627559776,0.19326757702331732,0.47544088043917637,0.3,RISK_OFF,False,0.02,0.3
2025-04-09,149.1641615850742,155.16650785472447,-0.03868325937495484,SHALLOW,0.35373720299034617,0.3982953285445101,0.2497682433639637,0.33923488676217894,0.6,RISK_OFF,False,0.02,0.33923488676217894
2025-04-10,142.62793169096685,155.14871483020545,-0.08070181665985007,DEEP,0.36187334677619043,0.4075638089900572,0.2552622682771681,0.33160773256455656,0.3,RISK_OFF,False,0.02,0.3
2025-04-11,145.17281986937138,155.14083154836678,-0.06425137457051572,DEEP,0.36496051456618617,0.4111000619902784,0.2573015705766376,0.32880269292320335,0.3,RISK_OFF,False,0.02,0.3
2025-04-14,146.58120883989866,155.13907442440276,-0.05516254119895652,DEEP,0.36413761551509227,0.4096432477196994,0.2579578070376758,0.3295457400912936,0.3,RISK_OFF,False,0.02,0.3
2025-04-15,146.17065529829708,155.13410633155272,-0.05777872606620071,DEEP,0.36362055708419916,0.4091515180177417,0.2573816482392666,0.330014345069641,0.3,RISK_OFF,False,0.02,0.3
2025-04-16,142.9215726346289,155.11578832832936,-0.07861363324208692,DEEP,0.36309825560493275,0.40832448647036024,0.2575703835856021,0.3304890567432673,0.3,RISK_OFF,False,0.02,0.3
2025-04-17,143.12548995661643,155.09698155669344,-0.07718713465549294,DEEP,0.36344354875920837,0.40892099473362176,0.25732950815224376,0.33017507233153115,0.3,RISK_OFF,False,0.02,0.3
2025-04-21,139.71871123061123,155.05619833523753,-0.09891566586371509,DEEP,0.3664868879488373,0.41242831078466,0.25929023466525114,0.327433269636518,0.3,RISK_OFF,False,0.02,0.3
2025-04-22,143.3538773572425,155.03029141780303,-0.0753169845310608,DEEP,0.37047824948626285,0.4165727377304582,0.2629244435831404,0.32390565482967587,0.3,RISK_OFF,False,0.02,0.3
2025-04-23,145.57521671809346,155.0112085463052,-0.06087296471463227,DEEP,0.37234505388037686,0.41946115993168753,0.2624074730939854,0.32228170818821283,0.3,RISK_OFF,False,0.02,0.3
2025-04-24,148.63941434315964,155.006584745777,-0.04107677369358217,SHALLOW,0.37698806180616307,0.42498806220047053,0.2649880608861122,0.3183124670449132,0.6,RISK_OFF,False,0.02,0.3183124670449132
2025-04-25,149.71337890562734,155.00660352546095,-0.0341483814201771,SHALLOW,0.3772675384481496,0.4253389873977201,0.2651008242324851,0.31807666382749866,0.6,RISK_OFF,False,0.06,0.31807666382749866
2025-04-28,149.77047575578388,154.9995006888386,-0.03373575340447052,SHALLOW,0.37470983026102594,0.42187058292016627,0.26466807405636517,0.32024780325727514,0.6,RISK_OFF,False,0.02,0.32024780325727514
2025-04-29,150.71393323217956,155.0036333880885,-0.02767483614508997,SHALLOW,0.37454368074173755,0.4216809918862785,0.26455662140447533,0.32038986684371445,0.6,RISK_OFF,False,0.06,0.32038986684371445
2025-04-30,150.77374897996253,155.0033380891763,-0.027287084016090125,SHALLOW,0.3743032208395146,0.42133257361872384,0.264568064354693,0.3205956917251613,0.6,RISK_OFF,False,0.06,0.3205956917251613
2025-05-01,151.84227574717727,155.0063114359442,-0.02041230230857064,SHALLOW,0.3739485553263975,0.42104646767938453,0.26405342650276115,0.3208997555700118,0.6,RISK_OFF,False,0.06,0.3208997555700118
2025-05-02,154.09624187954623,155.016069950673,-0.005933759457451523,SHALLOW,0.3599539185377449,0.400479244708539,0.26539482413922527,0.33337600681631907,0.6,RISK_OFF,False,0.06,0.33337600681631907
2025-05-05,153.21260015093355,155.03207648156095,-0.011736128238234613,SHALLOW,0.3117561250854388,0.331597482269175,0.26545962499005443,0.38491625454708617,0.6,RISK_OFF,False,0.06,0.38491625454708617
2025-05-06,151.93199936885176,155.04744407951748,-0.020093492860597747,SHALLOW,0.30976600488263667,0.3287822190447265,0.2653948385044272,0.38738918444412673,0.6,RISK_OFF,False,0.06,0.38738918444412673
2025-05-07,152.5709403110794,155.07094893837507,-0.016121708446429704,SHALLOW,0.30339963763530453,0.32001215884482825,0.26463708814641596,0.3955179410736265,0.6,RISK_OFF,False,0.06,0.3955179410736265
2025-05-08,153.63402928304112,155.09214666224642,-0.009401619686009865,SHALLOW,0.21034318569849952,0.1869905946762562,0.2648325647504006,0.5704962563988399,0.6,RISK_OFF,False,0.06,0.5704962563988399
2025-05-09,153.4382686539331,155.11353725160583,-0.010800273318216673,SHALLOW,0.18665755212907564,0.1531393911097959,0.26486659450739497,0.6428885337412908,0.6,RISK_OFF,False,0.06,0.6
2025-05-12,158.50901272735663,155.17718321805808,0.021471130228060683,RISK_ON,0.1877345232880297,0.1535182501435865,0.2675724939583971,0.6392004938585072,1.0,RISK_OFF,False,0.1,0.6392004938585072
2025-05-13,159.5557883135594,155.24986088490877,0.027735467227521245,RISK_ON,0.18759553303788548,0.15316666431051373,0.26792956006841956,0.6396740799567207,1.0,RISK_OFF,False,0.1,0.6396740799567207
2025-05-14,159.75970563554694,155.31543726266776,0.028614466476780936,RISK_ON,0.18738187153076116,0.1529266319778476,0.2677774304875595,0.6404034660327343,1.0,RISK_OFF,False,0.1,0.6404034660327343
2025-05-15,160.54002925435262,155.38448429994287,0.03317927769710816,RISK_ON,0.17925427830150858,0.141242039999193,0.2679495010069116,0.6694400888895832,1.0,RISK_OFF,False,0.1,0.6694400888895832
2025-05-16,161.55689696666386,155.46233269351367,0.03920283561655617,RISK_ON,0.17930972420123228,0.14128678192347624,0.2680299228493297,0.6692330855705778,1.0,NORMAL,False,0.1,0.6692330855705778
2025-05-19,161.7336253123864,155.52919990046615,0.0398923508633163,RISK_ON,0.15986115151194036,0.1145206951218537,0.26565554975547584,0.7506514175899511,1.0,NORMAL,False,0.1,0.7506514175899511
2025-05-20,161.18984578708628,155.60385282512766,0.035898808805437055,RISK_ON,0.1516307047445481,0.10283293348415089,0.26549217101880823,0.7913964404647708,1.0,NORMAL,False,0.1,0.7913964404647708
2025-05-21,158.47366705821221,155.67854045371428,0.017954475911398808,RISK_ON,0.15724050787850674,0.11061379107285006,0.26603618042503896,0.7631621241818873,1.0,NORMAL,False,0.06,0.7631621241818873
2025-05-22,158.53620170362174,155.77444224655451,0.01772922064260072,RISK_ON,0.14853014195379188,0.09816287446183627,0.26605376610168835,0.807916820259502,1.0,NORMAL,False,0.06,0.807916820259502
2025-05-23,157.4540804482745,155.85850945681668,0.010237304315424077,RISK_ON,0.14802427795682124,0.09805056433751805,0.26462960973519534,0.8106778270183764,1.0,NORMAL,False,0.06,0.8106778270183764
2025-05-27,160.7276331905812,155.96364457278025,0.030545507133092405,RISK_ON,0.15291493604196355,0.10470140335992024,0.2654131789667312,0.7847500257729507,1.0,NORMAL,False,0.1,0.7847500257729507
2025-05-28,159.79777020231802,156.04798289458805,0.024029707005331767,RISK_ON,0.15594921726359345,0.10959048520200483,0.26411959207396685,0.7694812587431572,1.0,NORMAL,False,0.1,0.7694812587431572
2025-05-29,160.42855445166614,156.1323237530419,0.027516599992578664,RISK_ON,0.15520996586787036,0.10860181547279238,0.263962316789719,0.7731462301986171,1.0,NORMAL,False,0.1,0.7731462301986171
2025-05-30,160.24910720831713,156.2153902865234,0.025821507819397783,RISK_ON,0.15524130250056928,0.10906036332083484,0.262996827253283,0.772990164776284,1.0,NORMAL,False,0.1,0.772990164776284
2025-06-02,161.1517812203153,156.2911592315402,0.031099788450441118,RISK_ON,0.15099002796649974,0.10355153269550407,0.2616798502654896,0.7947544723061081,1.0,NORMAL,False,0.1,0.7947544723061081
2025-06-03,162.07076861807252,156.36922017864535,0.03646208910496189,RISK_ON,0.14940837431175547,0.10126837082911046,0.2617350491045938,0.8031678314738104,1.0,NORMAL,False,0.1,0.8031678314738104
2025-06-04,162.02726625604848,156.43451194535996,0.03575140959075564,RISK_ON,0.14798178015654911,0.10079461938271934,0.25808515529548526,0.8109106396277478,1.0,NORMAL,False,0.1,0.8109106396277478
2025-06-05,161.2442237396163,156.49421853500317,0.030352592249602465,RISK_ON,0.14832229872273406,0.10135029197407942,0.2579236478029282,0.8090489497086457,1.0,NORMAL,False,0.1,0.8090489497086457
2025-06-06,162.90003239415515,156.55506641647315,0.04052865309898626,RISK_ON,0.14939422063368404,0.1027362509134167,0.25826281664764117,0.8032439239683914,1.0,NORMAL,False,0.1,0.8032439239683914
2025-06-09,163.04685286598618,156.61787393875812,0.041048820071085665,RISK_ON,0.1492742896745826,0.10291942193629208,0.25743564773059374,0.8038892716327746,1.0,NORMAL,False,0.1,0.8038892716327746
2025-06-10,163.97127805899638,156.68271783554093,0.04651795886707651,RISK_ON,0.13158454071108602,0.07833122285875947,0.2558422823665146,0.9119612330712795,1.0,NORMAL,False,0.1,0.9119612330712795
2025-06-11,163.50362766723828,156.7511491608106,0.04307769699028061,RISK_ON,0.12984525255993823,0.07623908981064641,0.25492629897495245,0.9241770309977753,1.0,NORMAL,False,0.1,0.9241770309977753
2025-06-12,164.15344419997191,156.81487030250898,0.0467976913369645,RISK_ON,0.12932451214057913,0.075741610948407,0.25435128158898074,0.927898338944104,1.0,NORMAL,False,0.1,0.927898338944104
2025-06-13,162.31818830208402,156.87121980376273,0.03472254824776116,RISK_ON,0.131397492632386,0.07883058397892131,0.25405361282380357,0.9132594358990315,1.0,NORMAL,False,0.06,0.9132594358990315
2025-06-16,163.86252215393634,156.93425398019772,0.04414758408710974,RISK_ON,0.134749471128078,0.08341595684177555,0.25452767112945035,0.8905415286264182,1.0,NORMAL,False,0.1,0.8905415286264182
2025-06-17,162.46228987628857,156.99467738575655,0.0348267379606595,RISK_ON,0.13698572306364937,0.08653894293033475,0.2546948767080501,0.8760036981681874,1.0,NORMAL,False,0.06,0.8760036981681874
2025-06-18,162.4378197976501,157.05491110364434,0.034274055208967244,RISK_ON,0.13707628684108072,0.08714599271932104,0.25358030645852,0.8754249386629643,1.0,NORMAL,False,0.06,0.8754249386629643
2025-06-20,162.05747783080486,157.10606495788537,0.03151637000294541,RISK_ON,0.13277781648392767,0.08089585519083586,0.2538357261678085,0.9037654269192295,1.0,NORMAL,False,0.06,0.9037654269192295
2025-06-23,163.65820037719178,157.18084467330596,0.0412095743431634,RISK_ON,0.1321042775733979,0.08022233237391939,0.2531621497055144,0.9083733108742622,1.0,NORMAL,False,0.1,0.9083733108742622
2025-06-24,165.46617149857937,157.2661860668116,0.05214080430668142,RISK_ON,0.13278114310113948,0.08117663301937048,0.25319166662526715,0.9037427845352703,1.0,NORMAL,False,0.1,0.9037427845352703
2025-06-25,165.55888796634284,157.3537956817009,0.05214422854622085,RISK_ON,0.12600013883512332,0.07243897373656084,0.2509761907317691,0.9523799029858628,1.0,NORMAL,False,0.1,0.95
2025-06-26,166.85419156009715,157.4603392109504,0.059658529863585295,RISK_ON,0.12622821957196462,0.07256365452342861,0.2514455380185486,0.9506590555338237,1.0,NORMAL,False,0.1,0.95
2025-06-27,167.6831858600999,157.56287990108714,0.06423026772147074,RISK_ON,0.12606574217477595,0.07236592670440811,0.25136531160563425,0.9518842940981819,1.0,NORMAL,False,0.1,0.95
2025-06-30,168.4849106107605,157.66622396055428,0.06861765556656504,RISK_ON,0.1268315293143505,0.0734168466787053,0.25146578879752257,0.9461369790991117,1.0,NORMAL,False,0.1,0.9461369790991117
2025-07-01,168.43037151207608,157.76171314704868,0.06762514270546244,RISK_ON,0.12220921435426821,0.07244057078043642,0.2383360493598757,0.9819226858961387,1.0,NORMAL,False,0.1,0.95
2025-07-02,169.19391889365758,157.85473076870522,0.07183305859592494,RISK_ON,0.11053769595675839,0.0714746505509239,0.20168480190370547,1.0,1.0,NORMAL,False,0.1,0.95
2025-07-03,170.52739985649097,157.95048329815288,0.07962569215187186,RISK_ON,0.11116597232359918,0.0729164184434967,0.20041493137717165,1.0,1.0,NORMAL,False,0.1,0.95
2025-07-07,169.2566388571446,158.03876422379247,0.07098179164111239,RISK_ON,0.11368404283128272,0.07779646545428001,0.19742172337762234,1.0,1.0,NORMAL,False,0.1,0.95
2025-07-08,169.16392238938116,158.12627181561538,0.06980276235587424,RISK_ON,0.09114612941086588,0.07501673346203959,0.12878138662479385,1.0,1.0,NORMAL,False,0.1,0.95
2025-07-09,170.17834962491082,158.2211006086942,0.07557303653062551,RISK_ON,0.08678684303491488,0.07512839802967215,0.11398988138048123,1.0,1.0,NORMAL,False,0.1,0.95
2025-07-10,170.65829369333352,158.30542729969025,0.0780318565468882,RISK_ON,0.08527596446860664,0.07557328601365278,0.10791554753016566,1.0,1.0,NORMAL,False,0.1,0.95
2025-07-11,170.05836360780518,158.38808016950927,0.0736815764532672,RISK_ON,0.08534885636709277,0.07585745572860203,0.10749545785690451,1.0,1.0,NORMAL,False,0.1,0.95
2025-07-14,170.38287124497728,158.47043732444513,0.0751713324053191,RISK_ON,0.08500965542252019,0.07550427810556691,0.10718886916207784,1.0,1.0,NORMAL,False,0.1,0.95
2025-07-15,169.65477427754064,158.54695205616173,0.07006014355573491,RISK_ON,0.08432900789303455,0.07585057667604178,0.10411201406601768,1.0,1.0,NORMAL,False,0.1,0.95
2025-07-16,170.22198090385837,158.62800493288808,0.07308908648176872,RISK_ON,0.08089890330051926,0.07090665113250845,0.10421415835921115,1.0,1.0,NORMAL,False,0.1,0.95
2025-07-17,171.26367768873027,158.71121329921766,0.07908996553285427,RISK_ON,0.08,0.06911827343450308,0.09538023807793482,1.0,1.0,NORMAL,False,0.1,0.95
2025-07-18,171.1382377617562,158.79491569834002,0.07773121708042947,RISK_ON,0.08,0.0683861614317651,0.08890112358568011,1.0,1.0,NORMAL,False,0.1,0.95
2025-07-21,171.4627453989283,158.87714711485384,0.07921591312925702,RISK_ON,0.08,0.06439443871345221,0.08699192385275377,1.0,1.0,NORMAL,False,0.1,0.95
2025-07-22,171.48728799333628,158.96644478009662,0.078764063891346,RISK_ON,0.08,0.06410566372453985,0.08079520940110681,1.0,1.0,NORMAL,False,0.1,0.95
2025-07-23,172.9462088831438,159.06271283800208,0.0872831589341835,RISK_ON,0.08,0.06379324611935276,0.0809500702785578,1.0,1.0,NORMAL,False,0.1,0.95
2025-07-24,173.0034749367624,159.16067214391637,0.08697376435008435,RISK_ON,0.08,0.060802057613599664,0.08097880698412611,1.0,1.0,NORMAL,False,0.1,0.95
2025-07-25,173.73429885913328,159.25531501603675,0.09091680137418659,RISK_ON,0.08,0.05457355581448831,0.08112835008270437,1.0,1.0,NORMAL,False,0.1,0.95
2025-07-28,173.69066758018576,159.356737302817,0.08994869322738928,RISK_ON,0.08,0.05533856171146589,0.08097980700685052,1.0,1.0,NORMAL,False,0.1,0.95
2025-07-29,173.23253915123684,159.44861470873374,0.08644743930627628,RISK_ON,0.08,0.05227391793791715,0.08106872011430061,1.0,1.0,NORMAL,False,0.1,0.95
2025-07-30,173.01438275649926,159.53403832937818,0.08449823353239018,RISK_ON,0.08,0.053935038296119966,0.07853921160388787,1.0,1.0,NORMAL,False,0.1,0.95
2025-07-31,172.365367482155,159.61758126491827,0.07986454948267349,RISK_ON,0.08,0.058405185770184935,0.07945435498429017,1.0,1.0,NORMAL,False,0.1,0.95
2025-08-01,169.54024217030346,159.68233802947088,0.06173446770934181,RISK_ON,0.08,0.06955432544665248,0.08425827855242929,1.0,1.0,NORMAL,False,0.06,0.95
2025-08-04,172.117214583141,159.753576473308,0.07739193314334814,RISK_ON,0.08345059048696662,0.08170502651756996,0.08752357308222548,1.0,1.0,NORMAL,False,0.1,0.95
2025-08-05,171.24458900419071,159.8265847955414,0.07143995614531726,RISK_ON,0.08496293234338065,0.08353659937662028,0.08829104259915481,1.0,1.0,NORMAL,False,0.1,0.95
2025-08-06,172.55625432755033,159.90274722063535,0.07913251852674899,RISK_ON,0.08770049992442763,0.08708648680117796,0.08913319721201017,1.0,1.0,NORMAL,False,0.1,0.95
2025-08-07,172.4117257160367,159.9781194585496,0.07772066767361052,RISK_ON,0.08483255595424746,0.08703059548119997,0.07970379705802492,1.0,1.0,NORMAL,False,0.1,0.95
2025-08-08,173.756114498607,160.0571876637044,0.08558770171374837,RISK_ON,0.0855149651444472,0.08821712249936567,0.07920993131630413,1.0,1.0,NORMAL,False,0.1,0.95
2025-08-11,173.41251817689533,160.1358347343959,0.08290888460112861,RISK_ON,0.08540052846091878,0.08805123487572727,0.07921554682636563,1.0,1.0,NORMAL,False,0.1,0.95
2025-08-12,175.25866666736206,160.22413132109708,0.09383440073789533,RISK_ON,0.08628065288824413,0.08894127778515225,0.08007252812879187,1.0,1.0,NORMAL,False,0.1,0.95
2025-08-13,175.85859675289038,160.32262776164694,0.09690440587301812,RISK_ON,0.08584690154741004,0.08830415571239308,0.08011330849578291,1.0,1.0,NORMAL,False,0.1,0.95
2025-08-14,175.87495848249569,160.41951740779115,0.09634389458619522,RISK_ON,0.08556934159560343,0.08779173242095384,0.08038376300311914,1.0,1.0,NORMAL,False,0.1,0.95
2025-08-15,175.46318828742852,160.51461837944854,0.09312902500034181,RISK_ON,0.08558133226233311,0.08780228236914712,0.08039911534643375,1.0,1.0,NORMAL,False,0.1,0.95
2025-08-18,175.42501091834941,160.60711038468764,0.09226179649313034,RISK_ON,0.08469295644176203,0.08781504709227513,0.07740807825723149,1.0,1.0,NORMAL,False,0.1,0.95
2025-08-19,174.47330364630676,160.69357402407016,0.08575159091409933,RISK_ON,0.08727841190537963,0.09089511731265446,0.07883943262173838,1.0,1.0,NORMAL,False,0.1,0.95
2025-08-20,174.00972130748943,160.78009730485823,0.08228396564250272,RISK_ON,0.08598851973247378,0.0890767176728538,0.07878272453825375,1.0,1.0,NORMAL,False,0.1,0.95
2025-08-21,173.31162084432918,160.87848961670707,0.07728274461827707,RISK_ON,0.08480329946144621,0.0890438990786147,0.07490856702138643,1.0,1.0,NORMAL,False,0.1,0.95
2025-08-22,175.97312886012756,160.9869473507718,0.09308941970744135,RISK_ON,0.09357692904313626,0.10050742614549096,0.07740576913764197,1.0,1.0,NORMAL,False,0.1,0.95
2025-08-25,175.1986736588092,161.09319439423479,0.08756098802072818,RISK_ON,0.09421184717841628,0.10119413887466748,0.07791983322049684,1.0,1.0,NORMAL,False,0.1,0.95
2025-08-26,175.9322245361143,161.1938016120522,0.09143293834295999,RISK_ON,0.09433965149388884,0.10138602565711706,0.07789811177968964,1.0,1.0,NORMAL,False,0.1,0.95
2025-08-27,176.33308691144458,161.27704148751403,0.09335516875225036,RISK_ON,0.09320870595788976,0.10018306791053068,0.07693519473506094,1.0,1.0,NORMAL,False,0.1,0.95
2025-08-28,176.95755959138086,161.35723019361114,0.09668193596934585,RISK_ON,0.09087765036409194,0.09698038891452639,0.0766379270797449,1.0,1.0,NORMAL,False,0.1,0.95
2025-08-29,175.90222803183784,161.42865696520767,0.08965924228527544,RISK_ON,0.08176063046909267,0.08385651675324651,0.07687022913940039,1.0,1.0,NORMAL,False,0.1,0.95
2025-09-02,174.59874357328087,161.49279631151893,0.08115499614286587,RISK_ON,0.08,0.07385840170187062,0.07707010970515835,1.0,1.0,NORMAL,False,0.1,0.95
2025-09-03,175.54499693545512,161.56417956598494,0.08653414022233946,RISK_ON,0.08,0.07093658176614828,0.07600589920305495,1.0,1.0,NORMAL,False,0.1,0.95
2025-09-04,177.0120986900653,161.6425065733156,0.09508385165865135,RISK_ON,0.08,0.06745273306403375,0.07600694990272645,1.0,1.0,NORMAL,False,0.1,0.95
2025-09-05,176.49943116243202,161.72345763158907,0.09136567908721728,RISK_ON,0.08,0.06782706517756512,0.0761761317655651,1.0,1.0,NORMAL,False,0.1,0.95
2025-09-08,176.93301699697295,161.81684332560187,0.09341532908879505,RISK_ON,0.08,0.06775166991392358,0.0764830583772564,1.0,1.0,NORMAL,False,0.1,0.95
2025-09-09,177.3420602371059,161.90903211795222,0.09531913023796333,RISK_ON,0.08,0.0671321805654155,0.07628433639453149,1.0,1.0,NORMAL,False,0.1,0.95
2025-09-10,177.85472776473918,162.00087985068828,0.09786272721890742,RISK_ON,0.08,0.06294595645465266,0.07534371739010542,1.0,1.0,NORMAL,False,0.1,0.95
2025-09-11,179.3327373390862,162.09984745480753,0.10631033992233153,RISK_ON,0.08,0.06673626989202766,0.0746406210068124,1.0,1.0,NORMAL,False,0.1,0.95
2025-09-12,179.27274433053336,162.19423279653978,0.10529666338640573,RISK_ON,0.08,0.0659371087230035,0.0737781633777801,1.0,1.0,NORMAL,False,0.1,0.95
2025-09-15,180.22717855751023,162.29090468571184,0.11051927960185627,RISK_ON,0.08,0.07220201388494693,0.07564370580948744,1.0,1.0,NORMAL,False,0.1,0.95
2025-09-16,179.97902565849625,162.38360702785403,0.10835711161179001,RISK_ON,0.08,0.07340079294151915,0.07499364198444293,1.0,1.0,NORMAL,False,0.1,0.95
2025-09-17,179.75541535389024,162.4709765652511,0.10638477809418109,RISK_ON,0.08,0.06775642942404012,0.07502409146158762,1.0,1.0,NORMAL,False,0.1,0.95
2025-09-18,180.5953174736299,162.56500421929306,0.11091140643046854,RISK_ON,0.08,0.0677501010007512,0.07464342776407652,1.0,1.0,NORMAL,False,0.1,0.95
2025-09-19,181.48733551989943,162.65846668087855,0.11575707814805271,RISK_ON,0.08,0.06893321491001929,0.07462786491487476,1.0,1.0,NORMAL,False,0.1,0.95
2025-09-22,182.34596175695305,162.75476332061086,0.12037250423048725,RISK_ON,0.08,0.05686721499293258,0.07303501671483267,1.0,1.0,NORMAL,False,0.1,0.95
2025-09-23,181.3533460752637,162.8457186348507,0.11365129888316365,RISK_ON,0.08,0.054503120149942706,0.0731301699249153,1.0,1.0,NORMAL,False,0.1,0.95
2025-09-24,180.77637111979135,162.92872326515203,0.109542672998142,RISK_ON,0.08,0.0551393035489544,0.07245566860869918,1.0,1.0,NORMAL,False,0.1,0.95
2025-09-25,179.9423551888953,163.00890869824184,0.10388049724325346,RISK_ON,0.08,0.056410305194515904,0.07241406232345814,1.0,1.0,NORMAL,False,0.1,0.95
2025-09-26,180.97325356905205,163.09269510842304,0.1096343306408795,RISK_ON,0.08,0.05676470421872176,0.07257301953307672,1.0,1.0,NORMAL,False,0.1,0.95
2025-09-29,181.4818665629755,163.18325284562033,0.11213536559824924,RISK_ON,0.08,0.05542633226623203,0.07205908650699779,1.0,1.0,NORMAL,False,0.1,0.95
2025-09-30,182.16548617846405,163.27976833988788,0.11566477605028881,RISK_ON,0.08,0.05338752853975245,0.07056249249359178,1.0,1.0,NORMAL,False,0.1,0.95
2025-10-01,182.7862127893277,163.3730923550255,0.1188269142394367,RISK_ON,0.08,0.05337441459991809,0.07055975479496275,1.0,1.0,NORMAL,False,0.1,0.95
2025-10-02,182.99676763089815,163.47169740641743,0.11944006537069343,RISK_ON,0.08,0.053278748323602125,0.07052082016319236,1.0,1.0,NORMAL,False,0.1,0.95
2025-10-03,182.9940331524362,163.57045089131026,0.11874750087980486,RISK_ON,0.08,0.05170578434085767,0.07037137440084104,1.0,1.0,NORMAL,False,0.1,0.95
2025-10-06,183.65030798330523,163.66900047365456,0.12208364107940532,RISK_ON,0.08,0.05200293632919335,0.07061640252655689,1.0,1.0,NORMAL,False,0.1,0.95
2025-10-07,182.96942284627863,163.76752283642114,0.11725096452144101,RISK_ON,0.08,0.053891862260707024,0.0708008655966856,1.0,1.0,NORMAL,False,0.1,0.95
2025-10-08,184.06047975259833,163.89582987651727,0.12303333093510402,RISK_ON,0.08,0.05550662426346104,0.07026846132721563,1.0,1.0,NORMAL,False,0.1,0.95
2025-10-09,183.52725645251726,164.02171395895277,0.11892048938377663,RISK_ON,0.08,0.056511031670639915,0.07080588066865347,1.0,1.0,NORMAL,False,0.1,0.95
2025-10-10,178.56691252253236,164.11331914111727,0.08807081263761887,RISK_ON,0.09673288132447183,0.10174264650765176,0.08504342923038533,1.0,1.0,NORMAL,False,0.06,0.95
2025-10-13,181.30685994141044,164.21382603617454,0.10409010202021898,RISK_ON,0.10534472112508309,0.11162237326367282,0.09069686613504035,1.0,1.0,NORMAL,False,0.1,0.95
2025-10-14,181.08536718599217,164.3042664448636,0.10213429696154534,RISK_ON,0.10525626885142267,0.11140250054876814,0.09091506155761657,1.0,1.0,NORMAL,False,0.06,0.95
2025-10-15,181.8893038538067,164.39867232192898,0.10639156195633492,RISK_ON,0.10520937100385494,0.11129284297100643,0.09101460308050142,1.0,1.0,NORMAL,False,0.06,0.95
2025-10-16,180.65058511054147,164.4954641231301,0.09821013043447056,RISK_ON,0.10853465977958042,0.11547318202899681,0.0923447745309422,1.0,1.0,NORMAL,False,0.02,0.95
2025-10-17,181.67601453377432,164.60658606137076,0.10369833237437724,RISK_ON,0.1074109698458714,0.11386856634830113,0.09234324467353539,1.0,1.0,NORMAL,False,0.06,0.95
2025-10-20,183.56553915098465,164.7300561232036,0.11434150798621565,RISK_ON,0.1107713910347823,0.11791987774696637,0.0940915887063528,1.0,1.0,NORMAL,False,0.1,0.95
2025-10-21,183.5628046725227,164.85546425130235,0.11347722385897539,RISK_ON,0.11307520299384341,0.12072249883711941,0.09523151269286607,1.0,1.0,NORMAL,False,0.1,0.95
2025-10-22,182.6084716893007,164.96619293004613,0.106944813636669,RISK_ON,0.11347833482780031,0.12119438455472831,0.09547421879830167,1.0,1.0,NORMAL,False,0.1,0.95
2025-10-23,183.69132516023458,165.0777140505718,0.11275665656455881,RISK_ON,0.1147123661555747,0.12285653745071287,0.09570929980025232,1.0,1.0,NORMAL,False,0.1,0.95
2025-10-24,185.19255383584743,165.20586298195494,0.120980517840796,RISK_ON,0.11444883517304402,0.12293967080215958,0.09463688537177439,1.0,1.0,NORMAL,False,0.1,0.95
2025-10-27,187.37740212694885,165.34377053309484,0.13325952059042834,RISK_ON,0.11431708927763566,0.12434704659850195,0.09091385552894768,1.0,1.0,NORMAL,False,0.1,0.95
2025-10-28,187.8750772070245,165.49636482624933,0.1352217760448699,RISK_ON,0.11350488080678012,0.12448459638052045,0.08788554446805266,1.0,1.0,NORMAL,False,0.1,0.95
2025-10-29,187.96531499626897,165.64819047168868,0.13472603872720582,RISK_ON,0.11309333065975094,0.12428908519610418,0.08696990340826004,1.0,1.0,NORMAL,False,0.1,0.95
2025-10-30,185.89804927903162,165.7885954892873,0.1212957606064268,RISK_ON,0.11460913049877809,0.12632426440102326,0.08727381806020602,1.0,1.0,NORMAL,False,0.1,0.95
2025-10-31,186.5078379760474,165.9176960389881,0.12409852853923983,RISK_ON,0.11460108596522402,0.12634059987818702,0.08720888683497703,1.0,1.0,NORMAL,False,0.1,0.95
2025-11-03,186.85785121917755,166.0500917813424,0.12531013512016106,RISK_ON,0.11388318854248722,0.12537282274681746,0.08707404206571666,1.0,1.0,NORMAL,False,0.1,0.95
2025-11-04,184.64292366499464,166.16336196396034,0.11121321501091429,RISK_ON,0.12123135967876549,0.13389588890567397,0.0916807914826457,0.9898428947590103,1.0,NORMAL,False,0.1,0.95
2025-11-05,185.2827916250919,166.27241759022544,0.11433269757174692,RISK_ON,0.12001758007617713,0.13250834834221087,0.09087245412209842,0.9998535208244828,1.0,NORMAL,False,0.1,0.95
2025-11-06,183.29482578325118,166.36693866918995,0.10175030717924827,RISK_ON,0.12464972206310243,0.13769441015875705,0.094212116506575,0.9626976940971551,1.0,NORMAL,False,0.1,0.95
2025-11-07,183.47530136174018,166.45787583788098,0.1022326245496071,RISK_ON,0.10715240799618346,0.11275928989664277,0.09406968356177843,1.0,1.0,NORMAL,False,0.1,0.95
2025-11-10,186.33830031140621,166.56554056716183,0.11870858568295341,RISK_ON,0.10582031703582985,0.10918144381607343,0.09797768788192815,1.0,1.0,NORMAL,False,0.1,0.95
2025-11-11,186.76487895147105,166.68699440663,0.12045261609229937,RISK_ON,0.10557874442117325,0.10885468664006302,0.09793487924376378,1.0,1.0,NORMAL,False,0.1,0.95
2025-11-12,186.86878913302533,166.80198762055443,0.12030313186746547,RISK_ON,0.10470504776247942,0.10817884823890497,0.09659951331748647,1.0,1.0,NORMAL,False,0.1,0.95
2025-11-13,183.76789055716927,166.90514940532452,0.10103188075338554,RISK_ON,0.11083622278554241,0.11508547286961239,0.10092130592271245,1.0,1.0,NORMAL,False,0.06,0.95
2025-11-14,183.73781129408778,167.00378293553877,0.10020149283090266,RISK_ON,0.11089791428374213,0.11513209006864275,0.10101817078564071,1.0,1.0,NORMAL,False,0.1,0.95
2025-11-17,182.02602777690447,167.09822185266685,0.08933551631327172,RISK_ON,0.10794734721883176,0.11166934252832754,0.0992626914966749,1.0,1.0,NORMAL,False,0.06,0.95
2025-11-18,180.4974543166721,167.1905071674703,0.0795915233146138,RISK_ON,0.1071596718345954,0.11046556435882883,0.09944592261138407,1.0,1.0,NORMAL,False,0.06,0.95
2025-11-19,181.1947463244704,167.28084389229892,0.08317690243797267,RISK_ON,0.1071708187510087,0.11050027037781464,0.09940209828846153,1.0,1.0,NORMAL,False,0.06,0.95
2025-11-20,178.43292307789667,167.35406438816815,0.066200117279684,RISK_ON,0.11689373308773113,0.1216153934854308,0.10587652549309856,1.0,1.0,NORMAL,False,0.02,0.95
2025-11-21,180.21033407816688,167.43332565349544,0.0763110233569245,RISK_ON,0.11792432887487207,0.12288577621086298,0.1063476184242266,1.0,1.0,NORMAL,False,0.06,0.95
2025-11-24,182.86277818626243,167.53337146544203,0.09150061618608611,RISK_ON,0.12233494630606787,0.1282061459104375,0.10863548056253869,0.9809134971112334,1.0,NORMAL,False,0.06,0.95
2025-11-25,184.5827651388316,167.63648728595297,0.10108943540418987,RISK_ON,0.12482377748088,0.1314129197707275,0.10944911213790252,0.961355299621349,1.0,NORMAL,False,0.1,0.95
2025-11-26,185.85703210210224,167.7453509692088,0.10797128521444391,RISK_ON,0.12870700435825105,0.1364277331028616,0.11069197062082647,0.9323501902505986,1.0,NORMAL,False,0.1,0.9323501902505986
2025-11-28,186.87152361148725,167.86193008944477,0.1132454125358458,RISK_ON,0.13077457756440164,0.13892250606530895,0.11176274439561791,0.9176095402862566,1.0,NORMAL,False,0.1,0.9176095402862566
2025-12-01,186.01836633135753,167.96560969046524,0.10747888614913931,RISK_ON,0.13141111112756496,0.13967196504000756,0.11213578533186558,0.9131647923097779,1.0,NORMAL,False,0.1,0.9131647923097779
2025-12-02,186.36291061756376,168.0710526741388,0.10883407732853177,RISK_ON,0.1315718343371309,0.13999436787428993,0.11191925608375984,0.9120493045078325,1.0,NORMAL,False,0.1,0.9120493045078325
2025-12-03,187.00824753458497,168.17729622281527,0.11197082920646366,RISK_ON,0.12686560454699547,0.13303864577405886,0.11246184168384751,0.9458828531853785,1.0,NORMAL,False,0.1,0.9458828531853785
2025-12-04,187.14497145768266,168.28227165244897,0.11208964331186685,RISK_ON,0.1267025231251644,0.1327798276601905,0.11252214587677008,0.9471003184479346,1.0,NORMAL,False,0.1,0.9471003184479346
2025-12-05,187.50045365773673,168.39248069695702,0.11347283965230522,RISK_ON,0.12083719407337251,0.12474041468742075,0.11172967930725992,0.9930717186889976,1.0,NORMAL,False,0.1,0.95
2025-12-08,186.93715109457415,168.51402333392176,0.10932697110996951,RISK_ON,0.12299987065485252,0.12746752891676918,0.11257533471038032,0.9756107820367519,1.0,NORMAL,False,0.1,0.95
2025-12-09,186.77581686531883,168.63845947094663,0.10755172604916344,RISK_ON,0.11568387279788628,0.11764437550980926,0.11110936647006599,1.0,1.0,NORMAL,False,0.1,0.95
2025-12-10,188.01453560858408,168.77311466267048,0.11400761895264977,RISK_ON,0.11634628661544716,0.11855362600168494,0.11119582804755905,1.0,1.0,NORMAL,False,0.1,0.95
2025-12-11,188.45205216249673,168.90955082494344,0.11569802442851197,RISK_ON,0.11718231708423843,0.11964476314487092,0.11143660960942929,1.0,1.0,NORMAL,False,0.1,0.95
2025-12-12,186.42580362218868,169.04871824442256,0.10279335778601471,RISK_ON,0.11691146381616895,0.11801094560365358,0.11434600631203812,1.0,1.0,NORMAL,False,0.1,0.95
2025-12-15,186.1441523406074,169.17410284225068,0.10031115409065149,RISK_ON,0.11712675592754199,0.11847692244269424,0.11397636739218675,1.0,1.0,NORMAL,False,0.1,0.95
2025-12-16,185.6355393466839,169.31105381915964,0.09641712787967395,RISK_ON,0.11572837194018158,0.11640317369027907,0.11415383452328742,1.0,1.0,NORMAL,False,0.1,0.95
2025-12-17,183.59288393560414,169.44715715382483,0.08348164123484086,RISK_ON,0.1168429983508115,0.11767781920306071,0.11489508302889666,1.0,1.0,NORMAL,False,0.1,0.95
2025-12-18,184.9792645158149,169.58178907216796,0.09079675080615118,RISK_ON,0.1180717611432831,0.11917260235966891,0.11550313163838292,1.0,1.0,NORMAL,False,0.1,0.95
2025-12-19,186.6509518284149,169.73880754868048,0.09963628544335133,RISK_ON,0.10601833202370609,0.1013692925760239,0.11686609073496455,1.0,1.0,NORMAL,False,0.1,0.95
2025-12-22,187.81376649767608,169.8972893477802,0.10545475574493014,RISK_ON,0.10662863912413634,0.1019955936560262,0.11743907854972668,1.0,1.0,NORMAL,False,0.1,0.95
2025-12-23,188.67216506248448,170.08085457791097,0.10930866105248294,RISK_ON,0.1029044534271226,0.0966177198839205,0.11757349836126085,1.0,1.0,NORMAL,False,0.1,0.95
2025-12-24,189.33584701994016,170.27405426098713,0.11194772357822712,RISK_ON,0.10136427209637579,0.09438424215618244,0.11765100862349362,1.0,1.0,NORMAL,False,0.1,0.95
2025-12-26,189.31664960794762,170.4631596035019,0.11060155196172018,RISK_ON,0.09842099899175087,0.09023312802339963,0.11752603125123712,1.0,1.0,NORMAL,False,0.1,0.95
2025-12-29,188.64199770078196,170.65898922328944,0.10537393054615853,RISK_ON,0.09767921411681593,0.08895168577420158,0.1180434469162494,1.0,1.0,NORMAL,False,0.1,0.95
2025-12-30,188.41162875687172,170.83822928771994,0.10286573176519676,RISK_ON,0.09651583202666396,0.08728256624742003,0.11806011884489978,1.0,1.0,NORMAL,False,0.1,0.95
2025-12-31,187.01570265627277,171.00460739819127,0.09362961327000391,RISK_ON,0.1005372725792498,0.09264998347682513,0.11894094715157402,1.0,1.0,NORMAL,False,0.1,0.95
2026-01-02,187.3585135847106,171.18100800634315,0.0945052594722891,RISK_ON,0.09934473690060186,0.09087480449380768,0.11910791251645493,1.0,1.0,NORMAL,False,0.1,0.95
2026-01-05,188.60634536422438,171.35536643783556,0.10067370100513981,RISK_ON,0.10780544733515568,0.10195374528196131,0.12145941879260923,1.0,1.0,NORMAL,False,0.1,0.95
2026-01-06,189.728022722073,171.53755606958916,0.10604363889330662,RISK_ON,0.10970711952024262,0.10447454483693468,0.12191646044796113,1.0,1.0,NORMAL,False,0.1,0.95
2026-01-07,189.1164480257399,171.71643636802094,0.10132991358164135,RISK_ON,0.10583285506146155,0.1028018173083304,0.1129052764854342,1.0,1.0,NORMAL,False,0.1,0.95
2026-01-08,189.09725061374738,171.88149024637897,0.1001606417461876,RISK_ON,0.10425559660361748,0.10253704892569725,0.10826554118543134,1.0,1.0,NORMAL,False,0.1,0.95
2026-01-09,190.3478248806887,172.0509209567094,0.10634586448149892,RISK_ON,0.10496945090621633,0.10337084226520563,0.10869953773524128,1.0,1.0,NORMAL,False,0.1,0.95
2026-01-12,190.64675601028648,172.23118573603486,0.10692355275586218,RISK_ON,0.1054049551944561,0.10384857547890705,0.10903650786407054,1.0,1.0,NORMAL,False,0.1,0.95
2026-01-13,190.2655502578636,172.41159725430623,0.10355424627974924,RISK_ON,0.09734208693836408,0.09281453448601999,0.10790637599383363,1.0,1.0,NORMAL,False,0.1,0.95
2026-01-14,189.33036204508514,172.60285773696103,0.09691325234959941,RISK_ON,0.09630962138339588,0.09133974024568807,0.10790601070471412,1.0,1.0,NORMAL,False,0.1,0.95
2026-01-15,189.8459496814557,172.7916254137242,0.09869878952117853,RISK_ON,0.0937083880622427,0.08832372910665404,0.10627259229194959,1.0,1.0,NORMAL,False,0.1,0.95
2026-01-16,189.68688541066052,172.9774498400085,0.09659892423033778,RISK_ON,0.0899590244051048,0.08340511885146493,0.10525147069693117,1.0,1.0,NORMAL,False,0.1,0.95
2026-01-20,185.82546311273657,173.1391411115161,0.07327240922980796,RISK_ON,0.09576285953739683,0.09102650632922868,0.10681435035645585,1.0,1.0,NORMAL,False,0.06,0.95
2026-01-21,187.97008828104376,173.34937537484993,0.08434246085154945,RISK_ON,0.09914625405981223,0.09502265547239602,0.10876798409711676,1.0,1.0,NORMAL,False,0.1,0.95
2026-01-22,188.95189878008978,173.6072325723912,0.08838725196140723,RISK_ON,0.09734999627225582,0.09258697442580245,0.10846371391398037,1.0,1.0,NORMAL,False,0.1,0.95
2026-01-23,189.02046096577732,173.86665608479296,0.0871576254022738,RISK_ON,0.09826609819650517,0.0938833654045006,0.10849247471118252,1.0,1.0,NORMAL,False,0.1,0.95
2026-01-26,189.9803315654033,174.14161859581745,0.09095305933929267,RISK_ON,0.09849960419892884,0.09416153430623063,0.10862176728189135,1.0,1.0,NORMAL,False,0.1,0.95
2026-01-27,190.7372580953941,174.34948407836907,0.0939938199625462,RISK_ON,0.10070415153358914,0.09684804326806537,0.10970173748647798,1.0,1.0,NORMAL,False,0.1,0.95
2026-01-28,190.71806068340157,174.58993472333125,0.09237718076719714,RISK_ON,0.09879615883580262,0.09418856722703975,0.10954720592291597,1.0,1.0,NORMAL,False,0.1,0.95
2026-01-29,190.33959741840619,174.8157686110764,0.08880107859072263,RISK_ON,0.09899065592179285,0.09443368754855651,0.109623582126011,1.0,1.0,NORMAL,False,0.1,0.95
2026-01-30,189.7719025209131,175.03172207948148,0.08421433707164315,RISK_ON,0.11652699251792174,0.11630866980974863,0.11703641217032568,1.0,1.0,NORMAL,False,0.1,0.95
2026-02-02,190.71531819597405,175.25444539396992,0.0882195756418519,RISK_ON,0.11648769024158218,0.1176516266879836,0.11377183853331217,1.0,1.0,NORMAL,False,0.1,0.95
2026-02-03,189.1027355886024,175.48535120873973,0.07759841084208105,RISK_ON,0.11085575734784643,0.1096562820911151,0.11365453294688621,1.0,1.0,NORMAL,False,0.1,0.95
2026-02-04,188.18674478781648,175.71065748289573,0.07100358898910397,RISK_ON,0.11316381908374712,0.11335697457040915,0.11271312294820236,1.0,1.0,NORMAL,False,0.1,0.95
2026-02-05,185.83643306244653,175.9412460920549,0.05624142826187738,RISK_ON,0.12328238230112117,0.12577427779293426,0.11746795948689061,0.9733750902614468,1.0,NORMAL,False,0.06,0.95
2026-02-06,189.40166671820023,176.1714850388597,0.07509831501064006,RISK_ON,0.13607953320948962,0.14287936780825458,0.12021325247903811,0.8818372401032876,1.0,NORMAL,False,0.06,0.8818372401032876
2026-02-09,190.31491503155868,176.39518353042703,0.07891219716172458,RISK_ON,0.13737990276108125,0.14429462103559415,0.12124556012055117,0.8734902091806921,1.0,NORMAL,False,0.1,0.8734902091806921
2026-02-10,189.81303983232567,176.60105165787286,0.07481262455927071,RISK_ON,0.13730102991044998,0.14401785506924006,0.12162843787327311,0.873991987374501,1.0,NORMAL,False,0.1,0.873991987374501
