date,ticker,close,volume,returns_1d,volatility_5d,sentiment_score,sentiment_positive,sentiment_negative,sentiment_neutral,news_volume,sentiment_volatility,sentiment_momentum_5d,sentiment_momentum_20d,target
2024-06-03,AAPL,159.93428306022466,22081788,-0.002765286023423693,0.17967096398309335,0.856663372886645,1.3566633728866448,0.0,0.5,1,0.17704606913831888,-0.04121884804721504,-0.04826187964480047,-0.17550143655724992
2024-06-04,AAPL,153.28329639681473,14953367,-0.009389487718699043,0.0813840065378947,-0.1853670771249849,0.3146329228750151,0.6853670771249849,0.5,3,0.09314595071405138,-0.10128311203344238,0.03142473325952739,0.08459643259171656
2024-06-05,AAPL,131.83951848957577,13648637,-0.02824607402670583,0.03331183523471145,-0.3071906007772309,0.19280939922276907,0.8071906007772309,0.5,5,0.40534392314601847,0.11194236115618375,0.07791926345150046,0.12054091721180638
2024-06-06,AAPL,127.97804487300333,3669995,-0.010672976076849736,0.0008291793480189424,-0.09178018153278261,0.4082198184672174,0.5917801815327826,0.5,4,0.07786978265122466,0.07384665799954104,0.01713682811899705,0.3151321581843112
2024-06-07,AAPL,147.6870343522352,25584529,-0.0060220739117857755,0.35111195011545693,0.42839407480694763,0.9283940748069477,0.07160592519305237,0.5,3,0.3751353544413034,-0.13667821388862977,0.06363051083451703,-0.1619202320105052
2024-06-10,AAPL,131.8655866284014,39334882,-0.01678435046445277,0.04638185637768218,0.13250537256142558,0.6325053725614256,0.3674946274385744,0.5,1,0.19510902542447184,-0.11063349740060283,-0.11962066240806708,0.17012164088505277
2024-06-11,AAPL,166.25051644788397,15881728,0.02712480057141646,0.049026783595502076,-0.032447581663474924,0.46755241833652506,0.532447581663475,0.5,3,0.030106771651956535,-0.09655576718949749,0.015048907811059437,-0.12678528482872886
2024-06-12,AAPL,147.73157497307213,29433648,0.001835215530710046,0.2981353371901339,-0.08786875513500478,0.4121312448649952,0.5878687551350048,0.5,3,0.07142251430234929,-0.08084936028931877,-0.05017570435845366,0.2055926849086107
2024-06-13,AAPL,168.30804235404148,30193243,0.006575022193193689,0.062214695160819955,-0.5594963526423431,0.0,1.059496352642343,0.5,2,0.1448166503051754,-0.02557646369589424,0.08499212040623495,-0.036827590948087185
2024-06-14,AAPL,123.77351548497782,3235000,0.0059224055412915215,0.0391582908269834,0.002045382656984356,0.5020453826569844,0.49795461734301566,0.5,2,0.046917426675029385,0.04529363265335095,-0.016606090835106536,0.38056361693234964
2024-06-17,AAPL,154.2987766018951,19273392,-0.0404462986639147,0.0023225010017668296,-0.010950578234063452,0.4890494217659366,0.5109505782340634,0.5,3,0.012875610160193377,0.034490233504472854,-0.008008733535248917,0.11022169552843386
2024-06-18,AAPL,145.17239736711574,41163712,-0.011494184152267991,0.06322473305098253,0.1359283856746575,0.6359283856746575,0.3640716143253425,0.5,3,0.0014760299889146015,-0.08018278433496939,0.13840157189326782,-0.1499863546535577
2024-06-19,AAPL,178.10410611756376,20433354,0.027846515069838058,0.07686355985574048,0.21739547649697444,0.7173954764969744,0.28260452350302556,0.5,3,0.21935045971543793,-0.06823015639202723,0.08875116144162692,-0.18470094260334358
2024-06-20,AAPL,162.1096626169535,22114003,-0.0212460742745221,0.07103886459527724,-0.3677696936935213,0.1322303063064787,0.8677696936935213,0.5,2,0.3099868810035079,-0.035674502576819415,0.05561217985339653,-0.03432981600107399
2024-06-21,AAPL,170.87721221837316,36759096,0.010528963226693914,0.2565794367787546,0.047591396758394126,0.5475913967583941,0.45240860324160587,0.5,5,0.16323054457627417,0.04717072915269788,-0.028548930098633025,-0.32689321283180073
2024-06-24,AAPL,171.305849376919,7041495,0.013060966220995215,0.16540311981940675,-0.7399211748656926,0.0,1.2399211748656926,0.5,4,0.23372624869010675,0.015065904348328073,-0.0015714939852446643,-0.07549689657713177
2024-06-25,AAPL,123.3985186897043,31467575,-0.0005057525114225594,0.14450641938664827,0.16511237077459934,0.6651123707745994,0.33488762922540066,0.5,2,0.27397421134325933,-0.07717807494932587,0.08786735481908958,0.17719101823642736
2024-06-26,AAPL,145.2081098361238,27365210,-0.038727524199692005,0.12710362921689655,0.5457733789281275,1.0457733789281276,0.0,0.5,4,0.23440578076088006,-0.1783251062165524,-0.024313446040701556,0.16610456695941522
2024-06-27,AAPL,156.5444677273173,28674903,0.010131506033450637,0.09091940446486273,-0.7776918374998399,0.0,1.27769183749984,0.5,2,0.18990380903577167,-0.059689733156275265,-0.011120399981026909,0.06407669316205267
2024-06-28,AAPL,115.01861131656773,43632984,0.021926595790821776,0.05031165361062593,0.2540450203607917,0.7540450203607917,0.24595497963920832,0.5,2,0.2160401740080971,0.08828376605093899,-0.04493043860957821,0.24006887742454364
2024-07-01,AAPL,158.37278938345204,26533478,-0.014563584987266669,0.13576829399348386,-0.24156174899381147,0.25843825100618856,0.7415617489938114,0.5,8,0.06305384892806913,0.07589692204932674,-0.07728252145375719,-0.21450139371141375
2024-07-02,AAPL,145.26362786519982,1666326,-0.024002634754603264,0.18020706663265365,0.059933486535839145,0.5599334865358392,0.44006651346416087,0.5,1,0.02818147361426437,0.035441958511966236,-0.18803125884525565,0.29881688459330347
2024-07-03,AAPL,169.32784003944835,26417275,-0.010218889345739245,0.08243645175940009,-0.508348722750416,0.0,1.008348722750416,0.5,1,0.4778071914784925,0.18434137583205334,0.13634354909517044,0.0371053879423322
2024-07-04,AAPL,166.57531955209748,31503180,-0.0021438895032225213,0.07293259286296862,0.6371927177037859,1.137192717703786,0.0,0.5,1,0.08678831980201035,-0.0135717382318232,-0.07935050176726109,-0.08626324726896262
2024-07-05,AAPL,142.63100021826605,39498937,0.003144037101941559,0.07124179667414342,-0.2613316930294848,0.23866830697051522,0.7613316930294848,0.5,6,0.26536635322717944,0.18437157977518462,-0.07307414032296536,-0.045496365541493944
2024-07-08,AAPL,124.4016053347374,34698788,-0.006787725863563937,0.12229064047828855,0.27963695274399564,0.7796369527439957,0.22036304725600436,0.5,3,0.11997932674220119,0.00018136111946762308,0.07559352817916525,0.23478993455639574
2024-07-09,AAPL,188.67085258859981,28814927,0.008277496745016148,0.029858954336020503,-0.24008675086351788,0.2599132491364821,0.7400867508635178,0.5,0,0.12943253935740878,0.012609482782402905,-0.18973769824886577,-0.11443928975252493
2024-07-10,AAPL,175.61081523354926,12438459,0.0045396860243869935,0.04064433932516081,0.17851573920076724,0.6785157392007672,0.32148426079923276,0.5,3,0.22724846342385258,-0.05450376153470914,-0.1267382301512335,-0.3099118350843365
2024-07-11,AAPL,152.20599157266844,37203222,-0.008600507716998322,0.031218337553591283,-0.19720037386353315,0.3027996261364668,0.6972003738635332,0.5,1,0.11787295138884231,0.08496020970210247,0.035701548596504734,-0.03381692894956623
2024-07-12,AAPL,136.1418080947869,17934380,0.0089729734810401,0.011809752550171053,-0.8867044217931638,0.0,1.3867044217931639,0.5,3,0.27791326772299285,0.049214103393666206,-0.15274526258344112,0.25761403979885933
2024-07-15,AAPL,153.60985010999096,19132747,0.02142083048235018,0.23292896637589883,-0.1758071501897109,0.32419284981028906,0.6758071501897109,0.5,3,0.10463761871742197,0.09491429877809984,-0.023922479786975516,-0.0297751727342499
2024-07-16,AAPL,167.07949422135712,47547339,0.007840837794651917,0.018678787139052633,-0.08008195829242787,0.41991804170757213,0.5800819582924279,0.5,1,0.40494419960020145,0.020190744180279552,-0.08047366850754961,0.060431344327153136
2024-07-17,AAPL,121.18694522386366,38342772,0.005386353085050773,0.09361797255782327,0.25133820370571197,0.7513382037057119,0.24866179629428803,0.5,1,0.015160911638745268,-0.06771617115121117,0.09751197334177512,0.3960696526278047
2024-07-18,AAPL,147.05885236995724,31773482,0.017779685885543066,0.07440963498388127,0.02222886277758681,0.5222288627775868,0.4777711372224132,0.5,2,0.012046584297818434,-0.15816539256145457,0.007900901424405643,-0.1639334394335461
2024-07-19,AAPL,171.21384926360602,24020885,0.004749705032438793,0.1077666331878654,-0.0853788606847389,0.4146211393152611,0.5853788606847389,0.5,4,0.06046484841526159,-0.0004562828990296256,-0.06823426011201539,-0.17870845400240665
2024-07-22,AAPL,149.03609028928375,41557019,0.012951162180274273,0.08040398023572873,0.3360684637113702,0.8360684637113702,0.16393153628862978,0.5,2,0.22666840501381472,0.00574129477563708,-0.08441077324087468,0.2263955621266147
2024-07-23,AAPL,177.17633266665456,40301804,-0.005726930323318391,0.01044789967783186,0.39340172254338607,0.8934017225433861,0.10659827745661393,0.5,2,0.004902034851788543,0.049799829124544975,0.14511436077950418,-0.2803375245206208
2024-07-24,AAPL,169.18541652170413,7081950,0.028735093450991067,0.10525499655117447,-0.05731330348683196,0.44268669651316805,0.557313303486832,0.5,1,0.120120936249917,0.04627243136411188,-0.10408501532798962,-0.4217927182053365
2024-07-25,AAPL,122.95098890180006,2344027,-0.011168407388655209,0.2869059775596328,0.14499058352212083,0.6449905835221208,0.3550094164778792,0.5,6,0.2640466414041284,0.18314587658543538,0.1179440120721287,0.19770035926085172
2024-07-26,AAPL,140.6164869579059,13460255,-0.012315716895354227,0.21542752021166486,0.10346676480408679,0.6034667648040868,0.3965332351959132,0.5,1,0.24650284234725023,0.02186830922761409,-0.04843756919693036,-0.09655756145497518
2024-07-29,AAPL,182.77719972747906,30702914,0.004504707056112072,0.2274349984400844,0.12498339243917898,0.624983392439179,0.375016607560821,0.5,4,0.024059126342379774,0.051443883405874906,0.07116148780888898,-0.21113708901131656
2024-07-30,AAPL,127.50715816324262,38594911,-3.271933288195804e-05,0.06390485078466294,0.5101852994614481,1.010185299461448,0.0,0.5,3,0.01831321212996748,0.04137127999520743,0.13420885043059153,0.29969706408228225
2024-07-31,AAPL,97.82423980631249,15681316,-0.013101705676481563,0.22335677608267185,0.35113006739204544,0.8511300673920454,0.14886993260795456,0.5,1,0.3461746207531135,0.1444338791981811,0.08860635602461532,0.4065299747968014
2024-08-01,AAPL,147.25844357916293,20350835,-0.04058461710187977,0.29419552079454564,-0.10529668502878392,0.3947033149712161,0.605296685028784,0.5,6,0.10696185801625338,0.012804106855846055,-0.04813383492797253,0.02250443187939899
2024-08-02,AAPL,127.03890187688518,7549546,-0.012045124057643526,0.018436695982718274,-0.03012146190204934,0.46987853809795066,0.5301214619020493,0.5,1,0.2202503809694224,0.04876732749232938,0.07473680316118016,0.04298624038206467
2024-08-05,AAPL,144.18615383937913,23383810,0.009355590924154193,0.0022596572368492112,-0.5462659145934623,0.0,1.0462659145934623,0.5,3,0.10082137193810686,0.16829264643729366,0.23816367945079506,0.16879149948312744
2024-08-06,AAPL,165.72067911424165,17099248,-0.005742801948467708,0.29470876993745837,0.014105420788691446,0.5141054207886915,0.4858945792113086,0.5,0,0.10291779813810786,0.12046350725758254,0.085135426460051,-0.09984781509645113
2024-08-07,AAPL,137.59272554928896,16152994,-0.01061002295221055,0.086372736096702,-0.11002067886065761,0.3899793211393424,0.6100206788606576,0.5,4,0.460384232947117,0.08514020923788287,-0.09879358457965415,0.16298549297335696
2024-08-08,AAPL,150.57241119135654,4708654,0.01937246312608842,0.1754652650737635,-0.6636366353550627,0.0,1.1636366353550627,0.5,2,0.23791995625694976,0.022333615869635528,0.007526594592918776,0.09770499424350154
2024-08-09,AAPL,132.4998266508385,23419480,0.021106619930928293,0.09804513920029856,-0.34958964779403867,0.15041035220596133,0.8495896477940387,0.5,4,0.000659184065470757,-0.08756182533847573,-0.1382799730964336,0.29907024369287805
2024-08-12,AAPL,168.52355095063282,10192300,0.03818833280940261,0.07448672384471987,-0.07770055529361383,0.42229944470638614,0.5777005552936139,0.5,0,0.12341808165737503,-0.12588420415521953,0.11888010076522058,-0.06800472943711422
2024-08-13,AAPL,149.17383138838454,42930173,-0.016571675420374708,0.08177537989977658,-1.0011038086648862,0.0,1.5011038086648862,0.5,2,0.1369284403110337,-0.05767713305683328,0.07553912258257561,-0.2905064649645813
2024-08-14,AAPL,160.01834375248762,33216504,-0.019551104895971023,0.042897024928242565,0.7132451341500228,1.2132451341500228,0.0,0.5,5,0.04317212963780105,0.17089956631888337,0.09874930057007225,-0.35502307092153107
2024-08-15,AAPL,165.28408776003818,40364133,-0.022782834571797653,0.04016139985548919,1.1135109693956204,1.6135109693956204,0.0,0.5,1,0.3222011219910443,-0.06019686788963846,0.07602510946353604,-0.14805602936424733
2024-08-16,AAPL,172.12658209656885,9112074,0.015432762986026725,0.3584817408327486,-0.24176579125268485,0.2582342087473152,0.7417657912526848,0.5,4,0.10168119097875053,-0.12418405167055335,0.018351182308773552,-0.23703104880649717
2024-08-19,AAPL,157.0631524644533,6238331,-0.0023970183873119775,0.017059419031947087,-0.23780642108969974,0.26219357891030026,0.7378064210896997,0.5,1,0.11766570369212846,0.054348315296377764,0.10349209270805991,-0.02324713553462132
2024-08-20,AAPL,105.83786896652245,10451244,0.0072155684934685676,0.25639387420944326,0.32996007445149367,0.8299600744514937,0.17003992554850633,0.5,5,0.3721819761709293,0.09969400682784031,0.06868317905426462,0.45592693518081995
2024-08-21,AAPL,103.20813994970227,18691444,0.0047122911621713184,0.11562977908304502,-0.5914344983119366,0.0,1.0914344983119366,0.5,3,0.22875080864138583,0.018186625505849516,0.02482205863003361,0.3753854870036608
2024-08-22,AAPL,140.81278200919513,42108406,-0.016996887389295837,0.05281870804555109,-0.1701284936647379,0.3298715063352621,0.6701284936647379,0.5,3,0.4489605815414619,0.06758087300440806,0.22571982810931393,-0.2643760669846489
2024-08-23,AAPL,131.3272378147415,10828366,-0.008885865201522233,0.056595073956727825,0.3027954466581408,0.8027954466581408,0.1972045533418592,0.5,4,0.1844330648355251,-0.10583854028470521,-0.051291437497141545,0.2646940951922909
2024-06-03,MSFT,117.41394778891495,6398869,0.05146719606499721,0.008882765102173238,0.005571716765178481,0.5055717167651785,0.4944282832348215,0.5,2,0.004825017422000656,0.2569926839690334,-0.11071044546000215,0.05942620355209738
2024-06-04,MSFT,177.77164538080575,15013403,-0.053187027140987456,0.08456496631845527,-1.427282119743953,0.0,1.927282119743953,0.5,2,0.02194652783755857,-0.01839361554089785,0.05137954135806112,-0.16988411231611034
2024-06-05,MSFT,144.11266677963388,48044769,-0.007237819424660074,0.010438473436951536,0.1941263986241813,0.6941263986241812,0.3058736013758187,0.5,1,0.1545334284546942,-0.07044701034595299,-0.0728315149947886,0.09750973768422022
2024-06-06,MSFT,151.9749155527467,29645954,-0.002606902919744164,0.021482317874628228,0.39131719284650307,0.8913171928465031,0.10868280715349693,0.5,7,0.3386532349419579,-0.09005328851871436,0.023094395638816368,0.09813416519165252
2024-06-07,MSFT,135.6804838614759,7569632,0.0065226604448423596,0.18766703645779545,0.36961080768276044,0.8696108076827604,0.13038919231723956,0.5,3,0.03698042728859781,-0.15566291735239038,0.06060099513456396,0.13306889033870872
2024-06-10,MSFT,124.39141295007434,23214365,0.03509588363968729,0.14245741208939064,-0.14439499170235934,0.35560500829764063,0.6443949917023594,0.5,3,0.05689451783390808,0.003855151535089184,-0.13342880155559567,0.2292209881397247
2024-06-11,MSFT,147.5710672103132,2732465,0.043104790768661465,0.10083859266206582,-0.24914180124051338,0.2508581987594866,0.7491418012405133,0.5,4,0.08362860680185438,0.019584525509768157,-0.09783727776150321,0.04593780496211153
2024-06-12,MSFT,158.16505511428943,47365848,-0.03405167208475681,0.2716425399497915,-0.008339504266054521,0.4916604957339455,0.5083395042660546,0.5,1,0.17975998164849283,-0.09096338974899724,-0.09065786730190407,-0.21306872498697083
2024-06-13,MSFT,166.88884702058738,35780908,-0.020075157831267416,0.07654445843734849,-0.06324059602807945,0.43675940397192053,0.5632405960280794,0.5,2,0.16131864958273734,0.05176590204691231,-0.07257438131534656,-0.10921265162724925
2024-06-14,MSFT,153.73533528954155,48133465,-0.015107658647066452,0.12366230823861907,-0.049845512537387796,0.4501544874626122,0.5498455125373878,0.5,5,0.35095736811504685,-0.012389397874055914,-0.12319581257460216,-0.006736518128361735
2024-06-17,MSFT,152.90453554258693,20545578,0.007491702189019563,0.1573242501122514,-0.847742947215457,0.0,1.347742947215457,0.5,4,0.07017306139470789,0.09857227168235638,-0.05944645481382219,0.32078549631014375
2024-06-18,MSFT,154.35015811387123,37851723,0.03891742569655368,0.15968530170400497,0.04784226755482779,0.5478422675548278,0.4521577324451722,0.5,6,0.08592364382651718,0.020768768716311115,0.027157883719537347,-0.12767145597230734
2024-06-19,MSFT,124.46502848359381,40678201,-0.014658802375577522,0.05421910871391467,-0.32770575742192104,0.17229424257807896,0.8277057574219211,0.5,1,0.12314174983290803,0.06568833662243427,0.0791649147922791,0.12860976044470873
2024-06-20,MSFT,148.66247351045467,30246906,-0.013272519027641538,0.21077398835466898,0.200413337406938,0.700413337406938,0.299586662593062,0.5,1,0.20849697484542773,0.12779268292381651,-0.026102725324679544,-0.013619922870570011
2024-06-21,MSFT,152.69969441639378,12984398,0.003508421506002261,0.2082886682166274,0.49206452538285855,0.9920645253828586,0.007935474617141447,0.5,4,0.16721221023190472,-0.04376656698027052,-0.1186335095221372,-0.03510718296001791
2024-06-24,MSFT,201.95409286468768,27035947,-0.013007418881400537,0.25227304876998435,-0.703439599997659,0.0,1.203439599997659,0.5,2,0.26889010220685544,-0.09186519464841983,-0.1004140766752068,-0.35140544906086
2024-06-25,MSFT,134.64404869791744,47571160,0.009201500205992936,0.03745969242377026,-0.3813836683887606,0.11861633161123941,0.8813836683887606,0.5,9,0.05502479726941487,-0.014918915975871881,-0.06594134114510024,0.20178424652755544
2024-06-26,MSFT,140.47244598061266,11812658,0.011946120829306156,0.23549405064860143,0.029585185629427226,0.5295851856294272,0.47041481437057275,0.5,1,0.11107536336138163,-0.062287049642328375,-0.04959690463264707,0.0543344034094253
2024-06-27,MSFT,146.63770208749412,2514542,0.0019309052707755024,0.22497553669853165,0.2525785174135751,0.7525785174135751,0.24742148258642488,0.5,5,0.4907684348291419,0.13782747863357242,0.06835857452010828,0.026290236591250737
2024-06-28,MSFT,147.33883830657862,3339767,0.02251357568739259,0.09191830357265793,-0.15508062397439368,0.3449193760256063,0.6550806239743937,0.5,6,0.3497093969915053,-0.12573403004288447,0.08841008365591796,-0.03608477040240288
2024-07-01,MSFT,130.98632417189347,6809041,-0.01035222598072343,0.03356819274583477,-0.00656915842910083,0.49343084157089917,0.5065691584291008,0.5,5,0.2376786546896168,0.0583928185325964,-0.035929209078705955,0.0598172284947287
2024-07-02,MSFT,161.8130966138462,30342048,0.022174071611658155,0.039935629824218666,-0.10745442335492116,0.39254557664507883,0.6074544233549212,0.5,3,0.1856538902832901,0.05943688089231695,0.10402059282236625,0.07110164711227274
2024-07-03,MSFT,148.10493252843196,23098345,-0.007406467371945932,0.12503384809189003,-0.2758161284321465,0.22418387156785352,0.7758161284321465,0.5,3,0.0989911035123051,0.08177526958760499,-0.14893930596493063,-0.03361602751638182
2024-07-04,MSFT,150.4928419685717,43106078,0.001799122962535795,0.03317959975886984,0.07588835342322325,0.5758883534232233,0.42411164657677675,0.5,1,0.2372774824430576,-0.023635283392435927,-0.11854200046803112,-0.16097557863205103
2024-07-05,MSFT,142.02215015492897,16886372,-0.008928672291010565,0.029113498934746136,0.42945269994390883,0.9294526999439088,0.07054730005609117,0.5,1,0.20530305988221206,0.11950466289248425,-0.15231869047837748,0.18160978053375643
2024-07-08,MSFT,138.82156305456823,36490172,0.007544237501290418,0.09436079581041433,-0.06742234962510442,0.4325776503748956,0.5674223496251044,0.5,4,0.022598356373617304,-0.12249350501889522,0.00889522726097021,0.009084420010386784
2024-07-09,MSFT,173.318274307428,27552476,0.016681714372166062,0.07420550533766737,-0.2893747256427301,0.2106252743572699,0.7893747256427301,0.5,3,0.1462291058515216,0.043084024433374835,0.024330766412836574,-0.30445976962965093
2024-07-10,MSFT,143.12623304124432,14245696,0.03098418953052608,0.17452281870468886,-0.37173287764090945,0.12826712235909055,0.8717328776409095,0.5,5,0.2431506748334501,0.015424731373406811,-0.01586554958685864,-0.05424424711584064
2024-07-11,MSFT,126.26716965269905,48347699,0.010276703861310922,0.03852154626285503,0.6552450998190562,1.1552450998190562,0.0,0.5,2,0.3002077680008921,0.044465518566695915,-0.0995355363924017,0.38835728649538725
2024-07-12,MSFT,167.8147616754978,49841287,-0.03435587247523265,0.06692751498221695,-0.7558162923782125,0.0,1.2558162923782126,0.5,0,0.034606975739383566,-0.06881596901002726,0.24722794622726602,0.028434489479055802
2024-07-15,MSFT,140.0826764398543,45721695,0.024303100177435075,0.1113126882785698,0.3759392414118751,0.8759392414118752,0.12406075858812488,0.5,1,0.16920270893425376,-0.032335621228620874,0.0047603551814351325,0.20398600293011238
2024-07-16,MSFT,120.54983243917982,10734816,-0.0017939125361505234,0.03314462607444959,0.010754335597812312,0.5107543355978124,0.4892456644021877,0.5,2,0.05383722633627779,-0.008613844548336394,-0.017901196711748543,0.3171818818888914
2024-07-17,MSFT,135.36245828739567,34138881,0.0183860573941551,0.08287861278875773,0.04070562919505015,0.5407056291950502,0.45929437080494984,0.5,4,0.05480636284958912,-0.15337487257098362,0.08611276689586012,-0.2774720156700273
2024-07-18,MSFT,175.30394503247396,13382318,0.011187184174566623,0.017180004932319595,0.38005818839953276,0.8800581883995328,0.11994181160046724,0.5,5,0.2063152493740316,-0.05292982375462199,0.06186865478479057,-0.011907371990498516
2024-07-19,MSFT,172.58648875079,24289643,0.03455086340201423,0.06544855045110481,0.015201391267280116,0.5152013912672802,0.4847986087327199,0.5,2,0.024006265343652262,0.10910461021646674,-0.011073342908069588,-0.06275826759970204
2024-07-22,MSFT,168.65758168657243,16540627,0.017463170972382976,0.207666316752847,0.3029822997268164,0.8029822997268163,0.1970177002731836,0.5,5,0.31374180220218595,-0.15435378118351126,0.1316943563232562,-0.12123993292830726
2024-07-23,MSFT,158.7860551536294,49115625,-0.025544409318461664,0.23231697337683177,0.4985307543189815,0.9985307543189814,0.0014692456810185273,0.5,3,0.025362299580604365,-0.13855850864826888,0.1444311583712345,-0.0312829746501172
2024-07-24,MSFT,97.80316414034199,29487589,0.007571377361898322,0.24757368150566425,-0.02016914068859508,0.4798308593114049,0.5201691406885951,0.5,4,0.07248818828062643,-0.1119669894626144,-0.12946814757209058,0.40062676353222537
2024-07-25,MSFT,173.2165357475704,34707431,-0.032369156673605515,0.23190062214001902,-0.30678129555297234,0.19321870444702766,0.8067812955529723,0.5,4,0.15202985445158423,-0.016346733670220697,-0.11451774240353807,-0.09091864030954777
2024-07-26,MSFT,161.75525970567497,11856760,0.002303035980491674,0.05229782016117888,-0.13970308172737153,0.36029691827262844,0.6397030817273716,0.5,0,0.1694158019970069,0.12225009148868804,0.12145092853053481,-0.1038782949348167
2024-07-29,MSFT,148.20954779504189,38774891,0.02189567423279827,0.02418127028548023,0.6336014422254784,1.1336014422254785,0.0,0.5,0,0.46155833899921367,-0.12373416454470464,0.0629248971893585,0.16176863505833228
2024-07-30,MSFT,153.8187550154663,4040267,-0.017891264648275684,0.02090138904318965,0.1810139567285339,0.6810139567285339,0.31898604327146607,0.5,5,0.18769358204116973,0.06442681595093018,0.02765691525949277,-0.11585760447595994
2024-07-31,MSFT,136.9857292530982,27844511,0.016103853495618964,0.18284587838041894,-0.020651388916907765,0.47934861108309224,0.5206513889169078,0.5,0,0.0393164146975476,0.06684681295291105,-0.051689686288978354,0.30603161925797706
2024-08-01,MSFT,157.4679238382711,17040922,0.010140315289743828,0.02963489852585731,0.17969137396789817,0.6796913739678981,0.32030862603210186,0.5,3,0.1543256644833757,0.029662831967617556,0.1005142573278018,-0.2264470713690111
2024-08-02,MSFT,144.952399130711,5876872,-0.0052393287263710585,0.0761519673698493,0.12095953769528985,0.6209595376952899,0.37904046230471017,0.5,7,0.15707062850241063,0.09795929508408657,-0.13348038382189772,-0.04842189903194327
2024-08-05,MSFT,172.1852040444585,2961977,-0.029240719430037712,0.2391757594837458,-0.33878453932733116,0.16121546067266884,0.8387845393273312,0.5,2,0.2586290647292316,-0.06009739630033611,0.01696937923520195,-0.06467109074738131
2024-08-06,MSFT,135.99768253589983,9379341,-0.013763006903554476,0.3378653708016463,0.3927061947966377,0.8927061947966377,0.10729380520336229,0.5,2,0.06496627670172449,-0.11567442250519487,-0.15327958522623455,0.29785579966904097
2024-08-07,MSFT,178.9076937916587,11104107,-0.03648139747785874,0.3624677647818734,-0.21324156994580545,0.28675843005419455,0.7132415699458055,0.5,6,0.23733942353758672,0.1530732392537995,-0.009688582961507467,-0.2541622020455222
2024-08-08,MSFT,121.80977365053612,31315282,-0.0006737305381743204,0.1425522274652602,-0.3482290465047025,0.1517709534952975,0.8482290465047024,0.5,3,0.19685447505850073,0.15145175625895815,0.0773083189177527,0.32316816805387316
2024-08-09,MSFT,137.93352869556577,30446493,-0.031736234311901784,0.08250781485368278,-0.38733778194545415,0.11266221805454585,0.8873377819454542,0.5,3,0.31859874670633387,0.044047473796039904,-0.001963779892668122,0.24756456502659652
2024-08-12,MSFT,161.04979908834295,40159558,-0.009232591805129219,0.1728498913112256,-0.4007073114258619,0.09929268857413809,0.9007073114258619,0.5,0,0.01369427370573401,0.024749779683721097,0.225045476781627,-0.19558240281926675
2024-08-13,MSFT,176.50538102076663,26687822,0.008440263214139375,0.210390790769954,0.6998306972747758,1.1998306972747756,0.0,0.5,4,0.1605803236291372,-0.056044815148952425,0.18195730466986557,0.04550170525772046
2024-08-14,MSFT,133.43612037468472,8667857,-0.011355101263483876,0.06482889771981072,-0.45685061731846943,0.04314938268153057,0.9568506173184694,0.5,4,0.050063742346598765,-0.10634016455178529,-0.07400469178227713,0.3210829946036229
2024-08-15,MSFT,161.17481505223682,30565896,-0.023798901067313985,0.21892404050752823,-0.6741243755047762,0.0,1.174124375504776,0.5,3,0.28712376564268804,-0.19131064251790253,0.09763839534621029,0.0029353478537643696
2024-08-16,MSFT,172.08098272966708,30553638,0.020852176712729736,0.07797800873231307,-0.6596329335736891,0.0,1.1596329335736892,0.5,5,0.2091470265080682,-0.14371667607422925,-0.12222377970755641,0.06806577549541215
2024-08-19,MSFT,129.55129240908468,17055099,0.04159891847381045,0.03506788676861215,-0.622358258481451,0.0,1.122358258481451,0.5,4,0.13899958015537497,0.19465428375147656,-0.02604985619387227,0.3605527743806136
2024-08-20,MSFT,184.53667684437522,11093205,0.011166538250434448,0.011400808711861724,0.21550239697854767,0.7155023969785477,0.2844976030214523,0.5,2,0.18413471861587327,0.1583465025384094,-0.03067803928713705,-0.13184965205725951
2024-08-21,MSFT,176.28018949287798,27356226,-0.024290869794528134,0.16384691470088683,-0.12656337987792077,0.37343662012207923,0.6265633798779208,0.5,6,0.10549386472277128,0.03616765854236551,0.050373604621242574,-0.13296542665296363
2024-08-22,MSFT,161.64791919968127,25136417,-0.013640687663986288,0.17617348237397076,-0.6145806961960916,0.0,1.1145806961960916,0.5,3,0.23812971443574013,0.04490109634189359,-0.0530507622938157,-0.05366335736696659
2024-08-23,MSFT,183.79380826717448,2794291,0.03786072827823322,0.01227440378213475,-0.03955586127645707,0.46044413872354295,0.539555861276457,0.5,6,0.237582561728413,-0.035301605672556226,-0.10365759163562974,-0.2631668735235687
2024-06-03,GOOGL,139.85784211734784,34843291,-0.02342083708351709,0.19754333611452876,-0.029941354373938828,0.47005864562606114,0.5299413543739389,0.5,3,0.27388819528482083,-0.03840321778801406,0.1749241622043528,0.06990783234334641
2024-06-04,GOOGL,165.88034147082266,10426807,-0.029578231375482576,0.027503987966873346,-0.006123939669198223,0.4938760603308018,0.5061239396691982,0.5,2,0.11585829992021768,-0.11930599549102364,-0.004008851265655339,-0.26715977561123205
2024-06-05,GOOGL,173.3643544363373,32216359,-0.017258106775009968,0.06642095715313731,0.4823707230466352,0.9823707230466352,0.017629276953364803,0.5,3,0.05828998464236125,-0.07306819638037806,-0.019780468589650636,-0.13796243100830508
2024-06-06,GOOGL,142.40485320039517,37266225,0.04314616426531007,0.09085723845050075,0.2968381488037228,0.7968381488037228,0.20316185119627722,0.5,2,0.059858516081298385,-0.11912901392878061,0.006268539688687321,0.022260999233139733
2024-06-07,GOOGL,151.77293394796024,36874916,0.034442572113699395,0.11895845709861436,0.49110090392772004,0.9911009039277201,0.008899096072279955,0.5,2,0.48678045130960695,0.018576749208677128,0.023576213240140493,-0.05970945518831494
2024-06-10,GOOGL,149.63500069598962,9589747,0.013605307585909608,0.17367222630360143,-0.18056386304025562,0.3194361369597444,0.6805638630402556,0.5,2,0.08721069752997593,0.09960476858058165,-0.07567950885694608,0.04636644153576386
2024-06-11,GOOGL,121.56378666516312,12004849,0.030026673039109737,0.03170041283264887,-0.04696034366198391,0.4530396563380161,0.5469603436619839,0.5,4,0.20211881734132145,-0.006718358066191689,0.08316283076644686,0.09274227752156605
2024-06-12,GOOGL,149.44658664811476,23089615,0.01076592158099266,0.1608761005964703,-0.14598109181715413,0.35401890818284587,0.6459810918171541,0.5,3,0.1678419334678013,0.20562071299403223,-0.11032083657216832,-0.012483052722127463
2024-06-13,GOOGL,145.57492752828455,23272887,-0.005536265997778413,0.11192811109716046,-0.14407743784397906,0.3559225621560209,0.6440774378439791,0.5,3,0.2587117278334597,0.02341375471132961,-0.014699878219707273,-0.04832483002086074
2024-06-14,GOOGL,142.71065474959542,14689493,0.007993759035052832,0.09770353406877436,-0.21144667269990275,0.28855332730009725,0.7114466726999027,0.5,6,0.11727280375101866,0.18113750286649816,0.062354885690163724,0.008144283529619711
2024-06-17,GOOGL,156.5730432074642,48766655,0.018004573178304718,0.17897319691481,-0.09315736529483948,0.4068426347051605,0.5931573652948394,0.5,5,0.06777303141034847,0.08168717800204081,0.10999049509178827,0.14675296553567696
2024-06-18,GOOGL,132.83788910463613,12245869,-0.023917661240703686,0.0666904002330211,0.4786525946582605,0.9786525946582605,0.02134740534173951,0.5,1,0.12195658086387645,-0.07848983130822401,0.0648280433843859,-0.007380545086566936
2024-06-19,GOOGL,147.58103702784436,27906511,0.008390648878140556,0.06812843374672735,-0.3281375298122783,0.17186247018772172,0.8281375298122783,0.5,7,0.33621846298609753,-0.07509055497801143,0.1166548590977006,0.2255292021787303
2024-06-20,GOOGL,138.54004390018108,44281526,0.0005809354476348799,0.1612971209039032,-0.2150758789711451,0.2849241210288549,0.7150758789711451,0.5,2,0.060688950184809035,0.2512407576578319,-0.033885967009935944,0.029474160632648738
2024-06-21,GOOGL,143.8729307845738,42266066,0.0013118769136635721,0.12272983251334607,-0.0013497829643808208,0.4986502170356192,0.5013497829643808,0.5,1,0.13927748949134308,0.09553052085705108,0.008840688629184737,0.15559710461628717
2024-06-24,GOOGL,179.55060162110524,12592111,-0.018090293779788654,0.04546394165920384,-0.35105696790383,0.14894303209617,0.85105696790383,0.5,1,0.15649869894012436,0.061767036826574875,0.0698249913777816,-0.3109193586141895
2024-06-25,GOOGL,131.85747307489498,7893728,0.021133105675455847,0.2792708675504447,-0.43067606769005207,0.06932393230994793,0.9306760676900521,0.5,2,0.07444135521421061,0.10887486197041861,0.1884586305934609,0.1522668708574697
2024-06-26,GOOGL,180.86487056544377,14099507,-0.028216489961757504,0.17617057901500752,-0.21111074569837573,0.28888925430162427,0.7111107456983757,0.5,3,0.15428779838316484,0.10329639471528058,-0.01949452084289584,-0.23781170111301175
2024-06-27,GOOGL,142.6233954081492,25774704,0.008035425651171473,0.10407836445118822,-0.04113420808975979,0.45886579191024024,0.5411342080897598,0.5,2,0.05484567141090621,-0.09993127576501375,-0.0053744508969125184,0.06380076863783857
2024-06-28,GOOGL,166.25914224731298,28736989,0.017726603921231793,0.1038992336745154,-0.026611407020813067,0.47338859297918695,0.5266114070208131,0.5,3,0.04905556755568596,0.10530574330153793,0.20333052986034647,-0.19915621016415241
2024-07-01,GOOGL,123.72484372627935,27769370,-0.021906032301397142,0.11052658456386501,-0.11253102284728536,0.38746897715271467,0.6125310228472853,0.5,0,0.049415475561260636,0.008733105791540921,0.07024065691510653,0.12985617715327757
2024-07-02,GOOGL,151.93499789918232,24119273,0.009747196063807676,0.08330690214498282,-0.041792538550746626,0.4582074614492534,0.5417925385507466,0.5,3,0.4711160517136412,-0.12696899870731074,-0.10734676777394524,-0.11297095103098498
2024-07-03,GOOGL,137.8530880246909,47021624,0.03258646673236052,0.030085379584641428,0.4594549397714861,0.9594549397714861,0.040545060228513896,0.5,3,0.03528831105544504,-0.03670278390833223,-0.08275902206487197,0.2866482835530315
2024-07-04,GOOGL,151.7228776609275,23229189,-0.0047328437106209185,0.17254357963742412,0.1617028780053809,0.6617028780053809,0.3382971219946191,0.5,1,0.1768030909118413,-0.012317821481004928,0.11192629447752629,-0.023759967420168504
2024-07-05,GOOGL,133.1476015721954,25567790,0.020061026193223676,0.2095839633838144,0.0228052545484205,0.5228052545484205,0.47719474545157947,0.5,1,0.12569697277920935,0.060247720943948216,-0.07090337116647051,0.19451972132412654
2024-07-08,GOOGL,139.79127895146067,9976766,0.015908765053385752,0.1213429348558493,-0.3896144892471508,0.11038551075284919,0.8896144892471508,0.5,5,0.09189946121413842,-0.026846827029164546,-0.06969397450805717,0.15595668539795593
2024-07-09,GOOGL,134.770756691621,7310114,-0.030322716402064402,0.044812936254852935,-0.30071642003807375,0.19928357996192625,0.8007164200380738,0.5,4,0.3661536896789732,0.020065180395568705,0.03625708150264852,-0.01162909283243485
2024-07-10,GOOGL,177.3684390894535,42156180,0.020993083557206905,0.2070815017871114,-1.1038389597091536,0.0,1.6038389597091536,0.5,3,0.21267496991418622,0.2543667895301528,0.018280690920533662,0.027846412390450048
2024-07-11,GOOGL,148.11794703080966,34833647,-0.006442791503801277,0.029929300999411313,-0.46527578442145556,0.03472421557854444,0.9652757844214556,0.5,2,0.004843891334551614,0.14122205554154293,-0.007964139124571515,0.08073580263373836
2024-07-12,GOOGL,159.0474359249947,28640477,-0.021247870562937594,0.06424606458114729,-0.07485770600181951,0.4251422939981805,0.5748577060018195,0.5,1,0.1971459991359726,0.11873860515647512,0.2589563642018614,-0.01380209588384762
2024-07-15,GOOGL,161.5926634642715,6504381,0.006515926331643329,0.04400909334628545,-0.029985980335619097,0.4700140196643809,0.5299859803356191,0.5,3,0.05534180878099692,0.07321405634851161,-0.11096455045207572,-0.14343329470680521
2024-07-16,GOOGL,133.20349505095663,30012949,-0.009967247843848932,0.1489032808369188,0.2183268698248061,0.7183268698248061,0.2816731301751939,0.5,2,0.16797617930214712,-0.03917581490438219,-0.09224101844985026,0.25952592315117573
2024-07-17,GOOGL,182.30751378938885,46194168,-0.006446409384226798,0.2915815339662905,-0.6491644989804694,0.0,1.1491644989804692,0.5,4,0.09781895718378142,0.02973096456808423,-0.09231326104578484,-0.24084621048522725
2024-07-18,GOOGL,160.07636836880363,37204667,-0.004485103175151395,0.08912651230949363,-0.13439180382917798,0.365608196170822,0.634391803829178,0.5,1,0.08654571982603687,-0.050314525190158145,0.1443996665574546,-0.07599718099254371
2024-07-19,GOOGL,156.8522479642778,2888806,0.004401392659334387,0.04233114643349019,0.29862403827242795,0.7986240382724279,0.20137596172757205,0.5,1,0.07586598396766575,-0.11386679384709131,-0.1313665308972316,0.03816561644890526
2024-07-22,GOOGL,138.41489534314306,29398068,-0.04345339092028072,0.12711325157256323,-0.2141312743815691,0.2858687256184309,0.7141312743815691,0.5,4,0.018106656460832156,0.01959750338646027,0.031697941777340664,0.1887911090239882
2024-07-23,GOOGL,167.7732550710192,2164795,-0.01053510865309981,0.11647227120894646,0.8365139609698341,1.336513960969834,0.0,0.5,1,0.02397450948457469,-0.021862071115873113,0.008584039672650316,-0.11035126548716245
2024-07-24,GOOGL,138.39943995023123,12074355,0.015998838038841,0.24244659126548818,-0.42147296765854164,0.07852703234145836,0.9214729676585416,0.5,1,0.21356058431583863,0.09503075919735758,0.17106133725819253,0.12994308549672962
2024-07-25,GOOGL,147.91101562925056,18353135,-0.0033764344638002124,0.012468369848502001,-0.18684136271631044,0.31315863728368953,0.6868413627163105,0.5,3,0.0695060752316149,0.1163508767954987,0.026515552729888744,-0.2782443205634214
2024-07-26,GOOGL,162.83861069923103,5989904,-0.02240845319823234,0.016490657305527526,-0.3946555938558265,0.10534440614417351,0.8946555938558265,0.5,4,0.09371658638200317,-0.08114896777335244,0.03887201230511087,0.024510423990033114
2024-07-29,GOOGL,164.5463969404143,9659522,-0.013484408126237277,0.06363513895678481,0.05733566704249236,0.5573356670424924,0.4426643329575076,0.5,4,0.14849411713960967,-0.1320022511220706,-0.061176909090528545,-0.23486668855100812
2024-07-30,GOOGL,149.25926405903175,20248594,-0.004403892540159152,0.3101782089653988,0.18081333783430753,0.6808133378343075,0.31918666216569247,0.5,2,0.2480120584941169,-0.030920907704986345,-0.07521564055905833,0.16929494445572346
2024-07-31,GOOGL,156.38349020838362,27507881,0.026809008920462892,0.05660260541448446,-0.07219591557265352,0.42780408442734646,0.5721959155726535,0.5,1,0.17724406872188117,0.02686614266837726,0.010354413863939305,0.056608183776662324
2024-08-01,GOOGL,106.75561558164414,40391628,-0.0058707768431513355,0.016970135651995743,0.30324247940698873,0.8032424794069888,0.19675752059301127,0.5,2,0.017443119683129994,0.03438448231242994,0.07688973632244733,0.601403732287016
2024-08-02,GOOGL,166.82985408941713,49491820,-0.023308853404400393,0.10317949907805267,0.1678662090392278,0.6678662090392278,0.3321337909607722,0.5,0,0.16214073106999874,0.0535173471049099,0.08186306617798986,-0.0730521759355589
2024-08-05,GOOGL,125.89992957801945,15945952,-0.0430363080265861,0.10787299788636301,-0.08445209553107778,0.4155479044689222,0.5844520955310778,0.5,2,0.1974359054302368,0.051192409102927494,-0.01683082339620694,0.3937482509415817
2024-08-06,GOOGL,174.5281028774077,11930625,0.023141927709279173,0.03485404165257997,0.3654379167116797,0.8654379167116797,0.1345620832883203,0.5,2,0.06025104706536023,-0.03173455927286084,0.13314788073977954,-0.09194440163827133
2024-08-07,GOOGL,165.23607556173567,17938661,0.011175395691212535,0.13763178099961806,-0.980962769372905,0.0,1.480962769372905,0.5,1,0.31159376983058484,-0.017463785180993018,-0.14850221582808978,-0.0866263216979325
2024-08-08,GOOGL,170.95884123504285,5688482,-0.006707914455475857,0.012159430604048537,-0.32199626437211526,0.17800373562788474,0.8219962643721153,0.5,3,0.43816503197455037,-0.13785293500432472,-0.03590225638557857,-0.10587331552443047
2024-08-09,GOOGL,154.6425702371734,18496623,-0.0015654132760682977,0.051841427204504804,0.5588318002933264,1.0588318002933264,0.0,0.5,2,0.6174310300396811,0.02276532826313042,-0.21159199954709923,0.05209164483457718
2024-08-12,GOOGL,175.47280664303292,10615754,-0.009965357662006994,0.1665453542974146,-0.4733624753066125,0.026637524693387482,0.9733624753066126,0.5,2,0.005281151391785407,0.02801611588196068,-0.08096035199216461,-0.2820574362001096
2024-08-13,GOOGL,158.4812208892818,6217092,-0.022294954146497785,0.014651378334041924,-0.0457151822407542,0.4542848177592458,0.5457151822407542,0.5,3,0.03145948504018061,-0.0040571826745175454,-0.11786630894712498,-0.01464028410546303
2024-08-14,GOOGL,150.92228212402088,48339044,-0.0010170504248214955,0.014015110637549927,0.09159297002443123,0.5915929700244312,0.40840702997556877,0.5,6,0.3141752304136999,-0.11267674689098053,-0.11939250063990554,-0.11778998882160618
2024-08-15,GOOGL,152.85886189527415,30362480,-0.02536071099002306,0.018499361158580977,0.2625924847340366,0.7625924847340366,0.23740751526596338,0.5,3,0.09815442596457617,0.20332937694664568,0.00853536188878091,-0.03265684214908049
2024-08-16,GOOGL,162.6981560822744,16148530,-0.010174344421956881,0.04398931548701956,-0.47320599733285,0.026794002667149985,0.97320599733285,0.5,3,0.14206649924772516,0.0855108632154688,-0.10485241132051931,0.054657757334763524
2024-08-19,GOOGL,125.9793966784615,49410263,-0.024590991889048338,0.07450488348547825,-0.18612418271202136,0.31387581728797864,0.6861241827120214,0.5,5,0.021189670860827133,0.10857863249393472,0.009798315347089545,0.2724370626624071
2024-08-20,GOOGL,156.16101079008206,47669316,-0.007832971348435823,0.0998228122035323,0.34926777227738637,0.8492677722773864,0.15073222772261363,0.5,5,0.051054677482712585,0.10458967154958694,-0.14480563720406897,-0.27713554100430526
2024-08-21,GOOGL,133.14514819970117,1421280,-0.03629746088748449,0.2904583953853365,0.296833187947734,0.796833187947734,0.203166812052266,0.5,4,0.037483976104687296,0.1517520109063872,0.16953295328696896,-0.023326009135814285
2024-08-22,GOOGL,147.8669741712721,44860083,0.02780854948812764,0.1534841649214947,-0.3177704213874723,0.1822295786125277,0.8177704213874724,0.5,2,0.17709179178006762,0.07891340251466786,0.007900008361106242,0.1771543571791927
2024-08-23,GOOGL,171.59087241623283,33401727,-0.01943313469082572,0.20694272471833958,-0.2506868898359861,0.24931311016401392,0.7506868898359861,0.5,2,0.17247869447655176,-0.05356133384254117,0.08566171046256776,-0.06477879658197594
2024-06-03,AMZN,150.30757962744212,46288543,0.017699867721622197,0.03136038451767981,-0.3868272973888283,0.11317270261117168,0.8868272973888283,0.5,2,0.48755391761194605,0.01849008169289769,-0.1052965078400307,0.04747461185714541
2024-06-04,AMZN,154.15298670808184,5079441,0.021198811121183013,0.02393918427374939,0.3779886661554927,0.8779886661554928,0.1220113338445073,0.5,3,0.013109521356200984,0.1981691806400029,0.1568778604102849,-0.15696572827052935
2024-06-05,AMZN,123.43807475132505,4144311,-0.016848009650735934,0.06157137658416843,0.2200380228110778,0.7200380228110778,0.27996197718892224,0.5,2,0.07200642293097213,0.03977017705072958,0.01577507810297153,0.17388417953331192
2024-06-06,AMZN,146.29325754368483,41113874,-0.03482138620125298,0.06571647363653922,0.05591078790649421,0.5559107879064942,0.44408921209350577,0.5,4,0.11010736989831671,-0.12207124259141587,-0.05081401976473109,-0.07613370660087748
2024-06-07,AMZN,147.04439362365056,9343528,0.004398343012118683,0.19891425885702843,0.6486400399065286,1.1486400399065286,0.0,0.5,6,0.1243254348071806,0.06728862163174514,-0.016441644046138137,0.06061778002047946
2024-06-10,AMZN,157.4433736294419,26090373,-0.011749956299434861,0.17841178393009918,0.6570691813023855,1.1570691813023855,0.0,0.5,3,0.10882280042283853,-0.01627929060722942,0.004091917539572113,-0.129847998880964
2024-06-11,AMZN,129.95625088437055,9451115,0.005967549052023583,0.09523603796136228,0.11669215090136316,0.6166921509013632,0.38330784909863685,0.5,3,0.03663565378104573,-0.08590879423640696,0.11953361180028158,0.04567103247174198
2024-06-12,AMZN,144.90200310263083,27227228,0.00887227845364357,0.08070925802727134,-0.016672320955957446,0.48332767904404256,0.5166723209559575,0.5,5,0.04753902493792817,0.019223476419523097,0.09808534491374753,0.22466884993882275
2024-06-13,AMZN,135.15540959616732,11031033,0.012574317216006102,0.18397231347127346,0.7084383597242216,1.2084383597242216,0.0,0.5,7,0.367521346612942,-0.04718595944334637,-0.039752982095546,0.11693071975945357
2024-06-14,AMZN,155.9578983295738,41981729,0.011325617594347411,0.25072243367731384,-0.04302365274356337,0.45697634725643665,0.5430236527435633,0.5,1,0.10741816661222872,0.005162637671120796,-0.020572759082797324,-0.16580049148352505
2024-06-17,AMZN,136.99966662659094,29481082,0.015366858989722922,0.21717921541151167,-0.45485655221448895,0.04514344778551105,0.954856552214489,0.5,4,0.1878811567601034,0.12431834372143583,-0.08988131880349018,0.09396593842114531
2024-06-18,AMZN,135.89148703841647,11736301,0.0012463129086107377,0.16336201742217069,-0.062328589731641126,0.4376714102683589,0.5623285897316411,0.5,4,0.0380078070002989,-0.03574454228104272,-0.018039168176240784,0.06746558703910432
2024-06-19,AMZN,177.4569694935306,37219181,-0.01127400350115802,0.012455040523915979,-0.08029966542114565,0.41970033457885436,0.5802996654211456,0.5,1,0.24642846596296653,0.04478617477517938,0.03710940513139221,-0.06649626798232322
2024-06-20,AMZN,150.95922891963093,41981642,0.006636877265170311,0.12348433175202339,-0.03222075672768925,0.46777924327231074,0.5322207567276892,0.5,1,0.10702828709106414,0.07593879393091572,0.13612101153211187,-0.03144890427195712
2024-06-21,AMZN,130.10000213579283,20674922,0.008517744123860716,0.0028721666123628087,-0.2565947636177239,0.24340523638227612,0.7565947636177239,0.5,4,0.0975744569742148,0.023215594974203505,-0.12031326020166928,0.10438757196267434
2024-06-24,AMZN,149.87296886454263,32279524,0.031245102639008433,0.18756116009545762,0.24180613054214672,0.7418061305421467,0.2581938694578533,0.5,3,0.08734394720811911,-0.0066132614625822456,0.20997217891665154,0.02739649519519638
2024-06-25,AMZN,145.05948598508007,40202825,0.06991755579200198,0.21951089376400326,0.9027005585736471,1.4027005585736472,0.0,0.5,1,0.06148468891965199,-0.008456299914380815,-0.06722782721875989,0.1654562388308285
2024-06-26,AMZN,165.65674329475783,35648748,-0.028795484262201687,0.06097162158576271,-0.6318462029623508,0.0,1.1318462029623508,0.5,3,0.3052541993444424,0.003257557740856184,0.02139038682014817,-0.03866378941352455
2024-06-27,AMZN,146.211726580369,6277420,-0.007290982930700473,0.21923342658762235,0.19671853263523187,0.6967185326352319,0.30328146736476813,0.5,3,0.34041103080318513,0.08791763014344264,-0.015219998035766666,0.06063465501208998
2024-06-28,AMZN,143.680825471087,46787926,0.022062614121394816,0.05413371291369107,-1.3885719567753532,0.0,1.8885719567753532,0.5,2,0.17737747801946008,-0.04207617936810533,-0.26042138566271344,-0.09494682378561681
2024-07-01,AMZN,153.9789629359299,34075239,-0.013059159825156222,0.182007209985749,0.025271691022606547,0.5252716910226065,0.47472830897739343,0.5,1,0.2620769404339942,0.036848360333699565,-0.017951046274151183,-0.07366894947507674
2024-07-02,AMZN,169.0604829429047,4314344,-0.04415127450580532,0.10135621187424176,0.01366096699520984,0.5136609669952098,0.48633903300479014,0.5,3,0.13587465659130069,-0.11487940351586562,0.06663125009092119,-0.12121382610143605
2024-07-03,AMZN,159.251825857079,4239254,0.01707449344514555,0.03544888540916632,-0.22826853944533015,0.27173146055466985,0.7282685394453301,0.5,1,0.14684364374163922,-0.13767297025036299,-0.046422109743322594,-0.35107027229778387
2024-07-04,AMZN,155.0772241802917,39553543,0.03137868991354991,0.08976389030153405,0.09143061100715894,0.591430611007159,0.40856938899284106,0.5,4,0.13009001850722784,-0.15030803017598182,0.10519476177229187,-0.019603201364762235
2024-07-05,AMZN,130.03878745371173,39677396,0.029134199001235882,0.04677212752158907,-0.33897187684717833,0.16102812315282167,0.8389718768471783,0.5,3,0.1077612423503908,-0.041777979743177984,0.09422381514973616,0.04145157153058543
2024-07-08,AMZN,142.63549449517816,39208851,-0.00919461462748454,0.15873105704158613,0.375024048881906,0.875024048881906,0.12497595111809401,0.5,4,0.13910755151315551,0.0849102110743144,-0.029396694766418225,0.21240844674243808
2024-07-09,AMZN,148.56801496283867,47696307,0.005121097285665186,0.048485694678313505,0.4301573782584308,0.9301573782584308,0.06984262174156919,0.5,2,0.07262386833427147,0.03064098549852128,0.18424790445672112,0.02486341218525423
2024-07-10,AMZN,103.34324398951503,15025093,0.0269947905910125,0.06308176638421796,-0.12118221519372692,0.3788177848062731,0.621182215193727,0.5,5,0.04102964579957367,-0.04704088925314212,0.002705404068895142,0.42669380389749145
2024-07-11,AMZN,152.03721412759705,10212367,-0.007846295374678068,0.06337691016330649,-0.021845069623237102,0.4781549303767629,0.5218450696232371,0.5,3,0.04797978341603219,0.0264644005121289,0.09481214391006448,-0.12994384635927703
2024-07-12,AMZN,135.42909955359985,25887345,-0.025561169582356033,0.2720015927974163,-0.26297286302125517,0.23702713697874483,0.7629728630212551,0.5,1,0.10821135269852755,-0.015348427895585649,0.13872574110525956,0.21461693018775385
2024-07-15,AMZN,172.93247833123854,32276622,0.005276780084977847,0.05405619698705997,0.18934900161038412,0.6893490016103841,0.31065099838961585,0.5,4,0.2671311794289124,0.040491409895912954,-0.004233565819823713,0.06395658067457699
2024-07-16,AMZN,152.26192275640474,44840923,-0.018786534757318795,0.22703969619791675,-0.24534432500731318,0.2546556749926868,0.7453443250073132,0.5,3,0.16570308722749996,-0.06627844787943661,-0.17474530846950653,0.07573944384604236
2024-07-17,AMZN,147.43916587450778,27678907,0.03743495637387849,0.07338838754991668,0.11427592010687965,0.6142759201068797,0.38572407989312035,0.5,2,0.21334422176524317,0.17657092664504032,-0.06278832144417894,-0.0008145565592381221
2024-07-18,AMZN,132.28091373410808,28934529,-0.0018234846703712635,0.17848670958617516,0.4054702962175454,0.9054702962175454,0.09452970378245462,0.5,3,0.04298207103001564,0.027679344932528833,0.16643170981246352,0.4913523374122266
2024-07-19,AMZN,164.49447715788517,36377176,0.0028411162318799942,0.07513221619531198,0.24848741877561903,0.748487418775619,0.25151258122438097,0.5,5,0.0325759154918882,0.06462973694035726,-0.11176699270119939,0.09414426066377524
2024-07-22,AMZN,183.99264833288493,27527060,-0.0002743219873253645,0.01972088935075017,0.3304188685766025,0.8304188685766025,0.16958113142339748,0.5,3,0.34991678084108413,0.13814540786904866,-0.12922626951056188,-0.09635463568006464
2024-07-23,AMZN,163.7941561049039,47934227,0.011742753684256951,0.16927104446213198,-0.38924614408852815,0.11075385591147185,0.8892461440885282,0.5,3,0.3754885770472218,0.0768179564462847,-0.03331716648309271,-0.2823831376003595
2024-07-24,AMZN,147.3190683348561,9825150,-0.048146884139678846,0.21006293404961515,0.08270991193376659,0.5827099119337666,0.4172900880662334,0.5,4,0.1366657985622139,-0.02093138195793616,0.10729780477660118,-0.27236383153885413
2024-07-25,AMZN,197.2774498923872,14866352,-0.008407902447232543,0.20439255399200515,0.13205704631562923,0.6320570463156292,0.3679429536843708,0.5,3,0.17887357744247498,-0.03964358294314149,0.1396628479507312,-0.07797530713439393
2024-07-26,AMZN,179.98068809318852,22884601,8.425184742369328e-06,0.10355799392080142,0.001637203070182506,0.5016372030701826,0.4983627969298175,0.5,2,0.09862456447995441,0.1443632003468814,-0.12565068942792565,-0.16047280505026906
2024-07-29,AMZN,166.26410373495955,14925413,0.0008496507784635045,0.1505836618828259,0.34242368939881596,0.842423689398816,0.15757631060118404,0.5,3,0.1915579470273734,-0.010412415422452258,0.07797554962888209,-0.20587714294705117
2024-07-30,AMZN,117.54144838339805,36029052,0.0070686173297282474,0.15734549138867554,-0.1867212474770117,0.3132787525229883,0.6867212474770117,0.5,5,0.1415272847416975,0.00090381865123073,0.1064876739290238,0.4556939648089977
2024-07-31,AMZN,107.19468242444042,14453858,0.006165216811249837,0.32349010449491816,0.1137297798076926,0.6137297798076926,0.3862702201923074,0.5,3,0.04356637590244303,-0.036722899033049504,-0.1836174464432498,0.48020210294306254
2024-08-01,AMZN,181.89468014633832,43106227,-0.012777230558887461,0.06260502204076265,-0.11803596569516253,0.3819640343048375,0.6180359656951625,0.5,1,0.19516334386894182,0.09184544439424139,-0.12457173764463846,-0.11190081863083567
2024-08-02,AMZN,151.098682219997,24318816,-0.01976537716353618,0.26740571151720355,0.22904324316563984,0.7290432431656398,0.27095675683436016,0.5,2,0.06973809035144916,-0.025484183805401923,-0.03375282858498609,0.15652075932238563
2024-08-05,AMZN,132.03412508335393,41177198,-0.010194603103702671,0.20664262511313558,-0.22590960166837692,0.2740903983316231,0.7259096016683769,0.5,4,0.26834015258839855,-0.23306547635468997,0.10859266963227975,0.20630428938781886
2024-08-06,AMZN,171.10437702662085,3328476,-0.05271495478033755,0.0005063259895741498,0.1311284691372341,0.6311284691372341,0.3688715308627659,0.5,2,0.18485402790756597,-0.03357309949197217,-0.07894453602409877,-0.040990658254636325
2024-08-07,AMZN,158.66979434897044,14430854,-0.016121351174996097,0.04376421638003204,-0.16999414935065982,0.3300058506493402,0.6699941493506598,0.5,8,0.14520068651353368,-0.09406448976409143,0.034981234254886376,-0.05546248225547468
2024-08-08,AMZN,161.54051653336904,42985096,0.024889961520421156,0.01980313839263358,0.14457681477893014,0.6445768147789301,0.35542318522106986,0.5,4,0.06766933338431819,-0.08000385643976465,-0.00635245746153551,0.12393320287271337
2024-08-09,AMZN,174.74876269368278,48884722,-0.0091460331017358,0.13455696459678826,-0.2692187380508049,0.23078126194919513,0.7692187380508049,0.5,0,0.2676318137246246,-0.00871986487631492,0.06636560279376744,-0.21625641225161085
2024-08-12,AMZN,159.27333143361764,34041208,-0.0007319172512510279,0.053396568593961836,0.11706055496023929,0.6170605549602393,0.38293944503976074,0.5,2,0.00159937992345317,-0.07508053050877408,-0.009361240928344786,-0.068478206316687
2024-08-13,AMZN,164.0906959820502,16072182,0.029795302801371326,0.09071169968073191,-0.8822264228396277,0.0,1.3822264228396277,0.5,3,0.13030439826790116,-0.11376856704248167,-0.0201491533947518,-0.010562451224830127
2024-08-14,AMZN,149.86957369541085,33726139,0.0020787766829779837,0.0868578821920881,0.5741743143357408,1.0741743143357407,0.0,0.5,4,0.4418703211646688,0.06686498601605921,-0.09180087622218046,0.12569774448573456
2024-08-15,AMZN,181.56075014106196,14798270,-0.022022805759551446,0.04448633177111427,0.1852739181070339,0.6852739181070339,0.31472608189296614,0.5,7,0.36186126994662204,-0.021804589539237387,-0.08476339286190848,-0.1435129803421783
2024-08-16,AMZN,136.9582222281388,6698618,0.0077920078958913395,0.18428977735557128,0.37702741941447565,0.8770274194144756,0.12297258058552435,0.5,2,0.1720912096844407,-0.18182404339971478,-0.20737461871865373,0.08948445606203714
2024-08-19,AMZN,148.3665793829603,11598461,0.010867591378895137,0.16379008505929696,0.3560990003346035,0.8560990003346035,0.1439009996653965,0.5,4,0.20266316711954518,0.07011863260703732,-0.1525929718772596,-0.04301029782614918
2024-08-20,AMZN,162.35749600929137,25562662,0.012280512945169606,0.07925892178015805,0.13995604804589498,0.639956048045895,0.360043951954105,0.5,4,0.005571111075466891,-0.16999597206830214,-0.02593917559372562,-0.11484296505346603
2024-08-21,AMZN,168.70784107596256,45934660,-0.004081865940311738,0.1470140302605157,0.14235575102172768,0.6423557510217277,0.3576442489782723,0.5,3,0.08789570803676221,0.1632854187273292,-0.06694756250891434,0.0647594498489854
2024-08-22,AMZN,155.5044257751566,1917472,-0.014145867612719236,0.01880479736477535,0.4645595149725624,0.9645595149725624,0.035440485027437574,0.5,4,0.1622514238274385,-0.10166831285764973,-0.02440804736742013,-0.20722621203372826
2024-08-23,AMZN,149.2138542474474,11686962,-0.002689935688034654,0.02862261081815179,-0.014751824537516046,0.48524817546248394,0.514751824537516,0.5,1,0.04791777614483375,0.04841591189329528,-0.07705679143861809,0.07225518419083077
2024-06-03,TSLA,182.56299091513716,18298460,0.015118503832875876,0.12111531022044218,-0.05960207974554615,0.44039792025445385,0.5596020797455461,0.5,7,0.17911121870926697,0.09960086593886697,0.02886539308074841,-0.22150726213071859
2024-06-04,TSLA,151.49552535843938,15058702,-0.010328592877751435,0.029469987514214573,-0.08234377235213615,0.41765622764786386,0.5823437723521362,0.5,1,0.1493156693080478,-0.01767741631157821,-0.15486182988637467,-0.3456570013777752
2024-06-05,TSLA,140.17692505715792,49280115,-0.0056975098673934165,0.18479767069044536,-1.0149554384279538,0.0,1.5149554384279538,0.5,2,0.10865933281645815,-0.12179236267651126,-0.04487165686650988,0.07461075567044517
2024-06-06,TSLA,171.80868682798217,43720675,-0.009122416549483764,0.027213993017095706,0.2380117863342259,0.7380117863342259,0.2619882136657741,0.5,2,0.11148461062166425,-0.19180996005037926,-0.015010422158550477,-0.2772805016025959
2024-06-07,TSLA,177.0405695236143,42859263,0.005643748148608539,0.027575177448375652,1.0772134655921988,1.5772134655921988,0.0,0.5,2,0.16932924977327246,-0.0024657280731493793,-0.18857669187542422,-0.17877858228984966
2024-06-10,TSLA,142.12396263112987,43439480,-0.01992683364347608,0.14746764494648215,-0.458263428466142,0.04173657153385801,0.958263428466142,0.5,4,0.10089929685432662,0.1516812867129874,0.03578383486710236,0.10968760713993997
2024-06-11,TSLA,99.13003634089053,36193278,0.039742619413402104,0.27639770593250135,0.23478091647334992,0.7347809164733499,0.2652190835266501,0.5,3,0.14277819748665332,0.16901776333459576,0.09253980907967244,0.6356789027705052
2024-06-12,TSLA,150.63563136323182,24005168,0.005239006986826265,0.18826616238849533,-0.14047848072150612,0.35952151927849385,0.6404784807215061,0.5,3,0.5369348476128147,-0.08923253901884468,0.04020882582029402,-0.05431690690675561
2024-06-13,TSLA,124.16948796463598,46143490,0.005817056003534143,0.09118128910137267,-0.21564908125959145,0.2843509187404085,0.7156490812595915,0.5,5,0.24359183046111169,-0.051319636451339606,-0.07179188907476018,0.25430635690804726
2024-06-14,TSLA,145.38950749639497,43562736,0.010392289196956032,0.24425189390870422,0.9917557674839647,1.4917557674839648,0.0,0.5,4,0.4534360390196446,-0.1319321913779763,-0.060794844728518455,-0.12738351970556594
2024-06-17,TSLA,157.71320000938476,1113936,-0.033305693342649045,0.14996292016321974,-0.31340887365415293,0.18659112634584707,0.8134088736541529,0.5,6,0.1484305608752914,0.09988166447781509,0.1372116846572371,-0.2016766235423182
2024-06-18,TSLA,162.14490907366812,14575056,0.007194735287149197,0.025305939164280443,0.5846104825106013,1.0846104825106013,0.0,0.5,3,0.174430735838659,-0.12181079715493218,0.06535019520558621,-0.1494004451416151
2024-06-19,TSLA,142.4535697976348,35049387,0.04051614183822501,0.09762490884449447,0.0007383820924022975,0.5007383820924023,0.4992616179075977,0.5,0,0.4168225878997177,0.17246966497611085,-0.02874475194003556,-0.12396920378754783
2024-06-20,TSLA,155.74657808806018,41143586,-0.015547801517178094,0.10399870354989013,-0.17133809588234472,0.3286619041176553,0.6713380958823447,0.5,6,0.40938693734456,0.009912653615463717,-0.06435306977043913,0.08280922351857578
2024-06-21,TSLA,126.86928030324542,42150969,0.012117710959145395,0.10282616081853062,0.7394435333185646,1.2394435333185645,0.0,0.5,2,0.306770988206435,0.013784450488078345,-0.07027280159126388,0.27949593520538163
2024-06-24,TSLA,125.90613434343774,18525908,0.0018350496889674574,0.037836059464001606,-0.04649161724878327,0.45350838275121674,0.5464916172487833,0.5,7,0.042942636634105275,0.08760467925297943,0.1472670675750982,0.14731247704460504
2024-06-25,TSLA,137.9203874806154,23755322,-0.004590973107206942,0.0028732372586788503,0.09188029886714204,0.591880298867142,0.40811970113285795,0.5,4,0.1595205699999508,-0.09869253241686526,-0.08802201908223273,0.051569257606253194
2024-06-26,TSLA,124.79371417312814,49442092,0.0017041889926780213,0.44867039563510847,-0.07475846326479395,0.42524153673520604,0.574758463264794,0.5,7,0.32609464874302807,-0.09489165208248374,0.17473631979155582,0.19141022901135196
2024-06-27,TSLA,168.64383128520768,22207891,-0.004731105744378921,0.12084080976393889,0.40485458436341226,0.9048545843634123,0.09514541563658774,0.5,1,0.334032517469785,-0.043581897716623144,0.014534580275063477,-0.09316086737076223
2024-06-28,TSLA,162.3287284504347,17151379,0.00458628256869294,0.25690015692578533,-0.025065809413025348,0.47493419058697467,0.5250658094130254,0.5,3,0.3701263283389705,0.012284343854019797,-0.10086640011668285,-0.1315349773415755
2024-07-01,TSLA,144.45367886868038,11356675,0.014303248015213692,0.13685811787685845,0.07538709162651072,0.5753870916265107,0.4246129083734893,0.5,6,0.1628338966664704,-0.0715516819258321,-0.07315425696196574,0.0590207198919066
2024-07-02,TSLA,145.0328394717575,30864805,0.030327881105071456,0.09031774805887252,0.028814744513497904,0.5288147445134979,0.4711852554865021,0.5,2,0.04244179398023034,-0.17443307192782576,0.05822444775637608,0.04476175951266659
2024-07-03,TSLA,148.6805075821838,17186862,0.009013111106693096,0.00349942629707657,-0.1870397361979984,0.3129602638020016,0.6870397361979984,0.5,3,0.12890125505476183,0.030587205509602824,-0.025333033115494626,-0.10637540667513068
2024-07-04,TSLA,152.93282568594924,23588002,-0.025743271371685,0.20956772776694868,-0.23343973053840195,0.26656026946159805,0.733439730538402,0.5,1,0.20767577020386332,-0.15193460754768426,-0.2832155598110569,-0.08993819487616606
2024-07-05,TSLA,140.97682283182002,26732334,0.011034815998218409,0.03441048717471519,-0.4324548451190646,0.06754515488093538,0.9324548451190646,0.5,3,0.028401522605905373,-0.07588521310376378,0.06403971849116777,0.3219282056985946
2024-07-08,TSLA,152.9794389865442,7434323,0.015293966693293483,0.1861850861041309,-0.6143161074300072,0.0,1.1143161074300072,0.5,3,0.21814987039808523,0.15502496727721668,0.00697023147318225,-0.27455634917716676
2024-07-09,TSLA,151.52476455363148,33688546,-0.003595988903030647,0.1071914685954927,-0.8199765114309913,0.0,1.3199765114309914,0.5,5,0.05770973917514097,-0.07837535211244284,0.17349365758368085,0.15975297477669348
2024-07-10,TSLA,132.86455812346415,9202637,-0.01806852832737887,0.106240160910452,0.1864761369388479,0.6864761369388479,0.3135238630611521,0.5,0,0.35090842077325407,0.009906907592340973,-0.15173062156784933,0.19679823199719748
2024-07-11,TSLA,139.1783234064436,23311047,0.005624431029529183,0.2632399607470862,0.007360652313375252,0.5073606523133752,0.49263934768662476,0.5,7,0.04046575928456041,0.1631856899089109,-0.07330329955239893,0.0687648380835848
2024-07-12,TSLA,186.3612384511565,28504225,-0.0059719347521925295,0.04110410290081282,0.060751043845575906,0.560751043845576,0.4392489561544241,0.5,4,0.2509623886938339,-0.005658848889989584,0.12189707897936633,-0.18731163333473255
2024-07-15,TSLA,110.9779627192275,46278419,0.002871758730103204,0.050690058095199324,-0.10015945894803431,0.3998405410519657,0.6001594589480344,0.5,5,0.0903221365452512,-0.036553728375817225,-0.02386067692562958,0.42053906353958315
2024-07-16,TSLA,175.7312964434122,32802560,0.02693339447509732,0.07115181628552092,0.02937380769644754,0.5293738076964476,0.47062619230355246,0.5,4,0.06727573262208081,-0.12931415437586477,0.057239031117567576,-0.26109925360613184
2024-07-17,TSLA,159.01206825725077,48001629,-0.03739632679064328,0.06812528792393835,0.13584074136867597,0.635840741368676,0.36415925863132403,0.5,5,0.09200343220525904,-0.09525581228185634,-0.0039172370606219585,0.0006667144659220359
2024-07-18,TSLA,148.7488982802325,9701524,-0.007473241565283407,0.07609071158907187,-0.2375612688081209,0.2624387311918791,0.7375612688081209,0.5,0,0.021244298768402267,-0.1909356087507293,0.13183023248526693,-0.16155938806021652
2024-07-19,TSLA,151.45361048658683,49544005,-0.008229862891243604,0.10370617461209036,0.41805381935370767,0.9180538193537077,0.08194618064629233,0.5,3,0.48582886440243067,0.13003131921355923,-0.05597319121401069,-0.0003211473277836552
2024-07-22,TSLA,157.6485312347022,13857261,-0.023238649833124896,0.04633612974086525,-0.279996717428732,0.220003282571268,0.779996717428732,0.5,1,0.2134888691093104,0.014178542046026985,-0.0503919471374263,0.04190149626380002
2024-07-23,TSLA,129.84798610679937,17635661,-0.01945841771982494,0.4360482328982462,-0.14992882264872245,0.3500711773512776,0.6499288226487224,0.5,3,0.26572816564964624,0.031318447386498,-0.060650338821573974,0.1798221695504718
2024-07-24,TSLA,159.11808390341406,38041811,-0.01671989683192567,0.19115821309975778,-0.39584558360112637,0.10415441639887363,0.8958455836011263,0.5,3,0.048780644265092654,-0.06234643403560272,0.07448984493936928,0.0560236988724947
2024-07-25,TSLA,124.71711729944676,49291558,-0.021868731641928235,0.04575932084477505,-0.3203870387583919,0.17961296124160808,0.8203870387583919,0.5,4,0.025710784678013073,-0.03737816051910288,-0.08352857055907585,0.09135167029755031
2024-07-26,TSLA,151.40497156429586,16845187,-0.0075340085980713095,0.03094722054289933,0.24208948040730222,0.7420894804073022,0.2579105195926978,0.5,4,0.2230866594762269,-0.153504024753236,-0.18800100339077638,0.000743543846263961
2024-07-29,TSLA,164.25424057722662,30311119,-0.03766300416117168,0.018161994211356603,0.01472485830615997,0.51472485830616,0.48527514169384,0.5,2,0.0434926664648059,-0.08439007869121018,-0.16692893468739836,-0.048887155606929134
2024-07-30,TSLA,153.19753268028356,10449168,-0.01904632761477594,0.10154927076877969,-0.30906377810832963,0.19093622189167037,0.8090637781083296,0.5,2,0.16603836237252204,-0.04531058679807125,0.08947235146471377,0.13405672639730581
2024-07-31,TSLA,168.03246752118727,41373185,0.03376884311492263,0.10255086321253756,-0.022178944845517103,0.4778210551544829,0.5221789448455171,0.5,3,0.23296218786772072,0.06090986064427143,0.037000284621036564,-0.21121923550748378
2024-08-01,TSLA,136.11023427944673,18462554,-0.016937019322507293,0.1874428357945,0.311739601562133,0.811739601562133,0.18826039843786702,0.5,2,0.0078039038755088235,-0.018561746791792077,-0.032170621782143374,0.33108597759740177
2024-08-02,TSLA,151.51754779919625,20427648,-0.005453891643049212,0.17918451467761928,0.36829020515755734,0.8682902051575574,0.13170979484244266,0.5,5,0.1433597595979,-0.21067620913994958,0.037632177703118296,0.002021004709535257
2024-08-05,TSLA,156.22431795902978,44218069,0.008826143033984917,0.10997342956649948,0.0915985569837361,0.5915985569837361,0.4084014430162639,0.5,7,0.37158029027965744,-0.08810683366612923,-0.0712220763649051,-0.015574021139111105
2024-08-06,TSLA,173.73469240354663,21901606,0.02872670811411957,0.17475481572591858,-0.498237564645822,0.0017624353541780269,0.9982375646458219,0.5,2,0.04628918450511446,0.06464895377257707,-0.021566763754763234,-0.08867412390919283
2024-08-07,TSLA,132.540778190926,44762279,-0.020200918785676487,0.1594364523679678,0.23358199795125345,0.7335819979512535,0.26641800204874655,0.5,1,0.3808904480513832,0.13321891107607856,0.022659199149281044,0.13785335789925868
2024-08-08,TSLA,181.17442425686875,20157828,-0.02174144753139026,0.2083362256543661,-0.23804137545908943,0.26195862454091057,0.7380413754590894,0.5,1,0.006302464884604584,0.027474190274634505,0.1068959535275138,-0.27365449100090966
2024-08-09,TSLA,151.82376547687565,49077410,-0.0018074806223688255,0.1465977774096494,-0.10443763938503048,0.3955623606149695,0.6044376393850305,0.5,5,0.3992552529742832,0.08428312447284311,0.12064801554150546,-0.09819128861390147
2024-08-12,TSLA,153.79127712869263,29963091,-0.01985530351503641,0.07980092982329147,0.14466442449880665,0.6446644244988067,0.3553355755011933,0.5,3,0.4172094099074228,-0.10147594931858522,-0.036146276669398576,-0.11386366177600327
2024-08-13,TSLA,158.32892076202904,3361331,0.0247802598403193,0.4026518613634967,-0.3926580280700888,0.10734197192991118,0.8926580280700889,0.5,6,0.21170401000851205,-0.0074246665984360515,-0.01642041046965167,-0.11828278347218524
2024-08-14,TSLA,150.81196952312598,27463506,0.015129978556803125,0.16382454490771345,0.3339005305299529,0.8339005305299529,0.1660994694700471,0.5,6,0.10383146455873804,0.21640073739123566,0.05987390159931402,0.11507543965755773
2024-08-15,TSLA,131.59522940447246,42187181,0.009240266198585697,0.025534033738761563,0.6909215700247832,1.1909215700247833,0.0,0.5,8,0.044171774491891996,0.08181272862481836,-0.210685039135781,0.34868435311706336
2024-08-16,TSLA,136.91599430248647,7898410,0.020847209249856138,0.013206670376406573,0.13530099501167134,0.6353009950116714,0.36469900498832863,0.5,1,0.25013921259764527,0.002194380821533224,-0.20649573875847352,0.22683233634923483
2024-08-19,TSLA,136.28003916561158,44289692,-0.0027267669402897305,0.1590593857850824,0.6053378008557879,1.105337800855788,0.0,0.5,3,0.2963031585683166,-0.06495182109038315,0.04105616152269436,0.22407343150681358
2024-08-20,TSLA,139.60133531014918,35603398,-0.009841401418972917,0.14952259537454465,0.025903904681826264,0.5259039046818262,0.47409609531817376,0.5,2,0.04048039772626884,0.007695399022554521,0.15006497897330418,0.10693196650988246
2024-08-21,TSLA,168.1667232216219,24584256,-0.002426505586167297,0.061132503025571855,-0.3422268945693117,0.1577731054306883,0.8422268945693117,0.5,3,0.2055873522146678,0.10620161767955377,0.01675176125300424,0.023142696478080094
2024-08-22,TSLA,177.4804268426625,35524710,-0.03085626284139934,0.18037166214795122,0.12685879388419008,0.6268587938841901,0.3731412061158099,0.5,1,0.21903208234404636,0.04335054999468425,-0.07067297635192396,-0.21660841505710404
2024-08-23,TSLA,167.972969173698,15517702,-0.023354533752205215,0.17673421393238428,0.616669124718547,1.116669124718547,0.0,0.5,4,0.3158829978986121,0.0528517884394926,0.12813925489828368,-0.09193446510651415
